image_id,image_path,model,raw_quality_score,tta_mean,tta_std,uncertainty_normalized,confidence_adjusted_score
4_25,data/raw/4_25.png,resnet50,85.30784249305725,88.23916912078857,5.898433596634889,0.5512943661780787,39.59341230826314
4_27,data/raw/4_27.png,resnet50,84.49984192848206,82.3999035358429,4.320821704507411,0.4038436008356316,49.123229783419404
4_28,data/raw/4_28.png,resnet50,89.94110822677612,89.46796774864197,2.357922406632579,0.2203821264349247,69.75082676838498
5_0,data/raw/5_0.png,resnet50,92.60346293449402,93.3277142047882,2.4014841396493947,0.22445360364996447,72.37997243110951
5_11,data/raw/5_11.png,resnet50,80.68041205406189,79.58874464035034,1.3404771558155937,0.12528707696449382,69.61730346508732
5_14,data/raw/5_14.png,resnet50,90.48187136650084,88.30423951148987,6.392604092779711,0.597481782886727,35.54406505170834
5_18,data/raw/5_18.png,resnet50,83.95091891288757,83.1029748916626,1.123979934241956,0.1050522643500319,74.37281920506959
5_2,data/raw/5_2.png,resnet50,99.22930002212524,96.86967492103577,3.936540483528752,0.36792693437109236,61.22871239381479
5_20,data/raw/5_20.png,resnet50,72.23934531211853,71.46701693534851,1.7952347684536256,0.16779078675737336,59.47550993656386
5_22,data/raw/5_22.png,resnet50,76.44256949424744,76.76446795463562,1.4678736685451743,0.13719413306471342,66.23283332342541
5_24,data/raw/5_24.png,resnet50,84.14424657821655,83.10945987701416,3.193147550376573,0.2984460579334557,58.30576919974058
5_26,data/raw/5_26.png,resnet50,84.91185307502747,86.75070405006409,2.9807330664885527,0.27859283650719463,62.582579339760564
5_27,data/raw/5_27.png,resnet50,73.00618290901184,72.23772883415222,1.2490611998134884,0.11674292694617441,63.80448493410923
5_28,data/raw/5_28.png,resnet50,87.59306073188782,88.59779357910156,1.9807539472799105,0.18513025094380814,72.19566182073477
5_29,data/raw/5_29.png,resnet50,75.69984793663025,79.67957377433777,6.151586056427701,0.5749551436678043,33.867392987523985
5_4,data/raw/5_4.png,resnet50,72.10315465927124,72.39580035209656,0.8230760366583356,0.07692842082765752,66.8265057564554
5_5,data/raw/5_5.png,resnet50,79.97900247573853,78.47010970115662,3.5388432901760933,0.3307563502578393,52.51562261206979
5_6,data/raw/5_6.png,resnet50,87.92374730110168,87.9490876197815,1.8392111758141267,0.17190102131802484,72.8305496339526
5_7,data/raw/5_7.png,resnet50,91.00437760353088,91.621356010437,1.35445042710857,0.12659308229873892,80.02272614868569
5_9,data/raw/5_9.png,resnet50,79.54233288764954,78.61791491508484,1.046743437299316,0.09783339091012404,70.92645771265848
6_0,data/raw/6_0.png,resnet50,97.00188040733336,92.58532881736755,7.534837447055015,0.704240094692071,27.383028083928092
6_1,data/raw/6_1.png,resnet50,98.29561114311218,97.97145009040833,2.4309056242305087,0.2272034690893952,75.71199675814901
6_3,data/raw/6_3.png,resnet50,82.07468390464783,81.68783783912659,2.0658326963508102,0.19308209684930827,65.91537882206175
7_0,data/raw/7_0.png,resnet50,97.6979911327362,96.583571434021,3.1246358710073165,0.29204264552999687,68.37704971769406
7_10,data/raw/7_10.png,resnet50,81.00632429122925,79.81393337249756,1.5001673881305408,0.14021245061947984,68.6230261807598
7_11,data/raw/7_11.png,resnet50,61.9454026222229,62.349607944488525,0.58849409713964,0.05500332842048621,58.92017198182927
7_12,data/raw/7_12.png,resnet50,83.30649137496948,81.00351333618164,2.021639954375391,0.18895164267399814,65.697766428945
7_13,data/raw/7_13.png,resnet50,72.06856608390808,72.4586808681488,0.8036220332294699,0.07511016140094101,67.01629765324287
7_15,data/raw/7_15.png,resnet50,98.85305762290956,97.0111334323883,3.515619595916976,0.32858575842237336,65.13465657809293
7_19,data/raw/7_19.png,resnet50,100.0,99.74019646644592,0.5196070671081543,0.048564834041103115,94.89633037782596
7_2,data/raw/7_2.png,resnet50,77.097487449646,77.88159132003784,3.709954790498043,0.346749207441073,50.876211255565174
7_20,data/raw/7_20.png,resnet50,71.26514911651611,70.54149627685547,1.0830094634339678,0.10122297825804413,63.40107593293342
7_21,data/raw/7_21.png,resnet50,82.736736536026,82.81057953834534,3.60185413486258,0.33664562969358647,54.93275984436824
7_22,data/raw/7_22.png,resnet50,85.95487475395203,85.12511014938354,1.4442144712977003,0.13498283714400158,73.6346812692241
7_23,data/raw/7_23.png,resnet50,65.29690027236938,66.0153079032898,1.9237130111598464,0.17979894624921,54.145825105961144
7_25,data/raw/7_25.png,resnet50,71.01584672927856,72.04235076904297,2.563792427596129,0.23962367266287884,54.77929809049752
7_28,data/raw/7_28.png,resnet50,78.01838517189026,78.98969531059265,0.7904838875941869,0.07388221069977675,73.15376199854428
7_29,data/raw/7_29.png,resnet50,70.07231116294861,71.6972029209137,2.327173163293278,0.21750816263767747,56.102476047325034
7_4,data/raw/7_4.png,resnet50,70.42652368545532,71.79662585258484,1.4779628237192175,0.13813711128356115,61.87884735740212
7_5,data/raw/7_5.png,resnet50,87.91524767875671,86.26628756523132,3.899684597057704,0.36448221599983194,54.82375990737706
7_7,data/raw/7_7.png,resnet50,86.51033043861389,87.75953650474548,0.9506151415297694,0.08884880423642048,79.96220662595636
7_9,data/raw/7_9.png,resnet50,80.81952333450317,80.791255235672,1.912997361656396,0.17879741302782026,66.3459878042635
8_1,data/raw/8_1.png,resnet50,74.88242387771606,73.16687345504761,4.521504648448694,0.4226003393103987,42.24652790666348
8_10,data/raw/8_10.png,resnet50,69.99273896217346,70.36794185638428,0.5713523760314538,0.05340118539069433,66.6102103477499
8_12,data/raw/8_12.png,resnet50,71.58976197242737,72.19712018966675,0.7875852413502838,0.07361129007015084,66.88259703315565
8_13,data/raw/8_13.png,resnet50,64.58685994148254,65.02942681312561,2.033632728940325,0.19007254179817643,52.66911836707634
8_14,data/raw/8_14.png,resnet50,53.074586391448975,52.46450066566467,1.2625166406727162,0.1180005334985931,46.27366159737895
8_17,data/raw/8_17.png,resnet50,49.45053160190582,50.190509557724,2.3539968613498496,0.22001522716190747,39.147833196009465
8_18,data/raw/8_18.png,resnet50,73.2532262802124,76.96588635444641,6.584929868938425,0.6154574225425866,29.596660315033184
8_19,data/raw/8_19.png,resnet50,53.884392976760864,52.63783037662506,3.5899176942538094,0.3355299957965483,34.976259371616635
8_2,data/raw/8_2.png,resnet50,53.74909043312073,54.988555908203125,4.221537444225799,0.39456404339946116,33.29204894836517
8_20,data/raw/8_20.png,resnet50,63.7929916381836,65.68865418434143,3.6966143859332528,0.3455023527026725,42.99306961777921
8_21,data/raw/8_21.png,resnet50,71.9605803489685,73.27338933944702,1.285862025589119,0.12018249909502098,64.46721029146981
8_22,data/raw/8_22.png,resnet50,80.00089526176453,79.41427230834961,1.197968547058469,0.11196757580328713,70.5224487538016
8_23,data/raw/8_23.png,resnet50,71.84048891067505,70.6386649608612,1.618548006039073,0.15127684028301466,59.95267092377162
8_26,data/raw/8_26.png,resnet50,74.06790852546692,75.08067846298218,2.3688908781363605,0.2214072895475635,58.45726894710117
8_27,data/raw/8_27.png,resnet50,73.59620332717896,73.63747119903564,1.7204385509819555,0.16079999290880195,61.796566352408604
8_28,data/raw/8_28.png,resnet50,66.81703925132751,65.8785879611969,2.089501751398496,0.19529431412475448,53.01287430980764
8_29,data/raw/8_29.png,resnet50,71.19819521903992,68.76804709434509,4.799002383260103,0.4485365366621815,37.92306541762575
8_4,data/raw/8_4.png,resnet50,53.4808874130249,52.61469483375549,3.599179057789459,0.3363956048530347,34.91534274099647
8_7,data/raw/8_7.png,resnet50,60.47959923744202,61.3906991481781,1.7785935755256552,0.16623542536228933,51.18539016199238
8_9,data/raw/8_9.png,resnet50,79.99494671821594,79.65498089790344,0.601399437679523,0.05620952010115649,75.1776126479655
p00_s01,data/raw/p00_s01.png,resnet50,74.14564490318298,74.57510828971863,0.900526085434372,0.08416725379083705,68.29832622381873
p00_s02,data/raw/p00_s02.png,resnet50,93.9801037311554,89.75895881652832,6.479302718532792,0.6055850298166108,35.40227706531308
p00_s03,data/raw/p00_s03.png,resnet50,84.45360064506531,82.17548370361328,4.8495096691218045,0.4532571767593061,44.928855961283155
p00_s04,data/raw/p00_s04.png,resnet50,84.5621645450592,84.41562294960022,0.9132844594814228,0.08535970931627426,77.20992991287014
p00_s07,data/raw/p00_s07.png,resnet50,88.4588897228241,89.61621761322021,2.0322582269862317,0.18994407460918838,72.59414808870146
p00_s09,data/raw/p00_s09.png,resnet50,78.90140414237976,78.09729337692261,2.2495656735837244,0.21025461453051403,61.676977062081285
p00_s11,data/raw/p00_s11.png,resnet50,92.5180733203888,90.9796929359436,1.7832970139284687,0.1666750300557483,75.81564988138246
p00_s12,data/raw/p00_s12.png,resnet50,96.39003276824953,94.22037959098816,4.017471711483307,0.37549113413502194,58.84146239973573
p00_s14,data/raw/p00_s14.png,resnet50,95.09020447731018,93.49657416343688,5.426252892086008,0.5071622151635613,46.07864450050403
p00_s16,data/raw/p00_s16.png,resnet50,80.41998744010925,81.09277486801147,3.510827247211556,0.32813784376863103,54.48316657760715
p00_s17,data/raw/p00_s17.png,resnet50,93.91254186630248,93.76078605651855,1.47894717752049,0.1382291134560154,80.80031572298687
p00_s19,data/raw/p00_s19.png,resnet50,81.37398362159729,81.16956353187561,1.3476151456664311,0.12595422588227564,70.94591399201602
p00_s21,data/raw/p00_s21.png,resnet50,77.97048687934875,76.27609014511108,2.171685991993266,0.20297562613517853,60.79390298876385
p00_s22,data/raw/p00_s22.png,resnet50,93.44662427902222,91.67036652565002,3.794006578456723,0.3546050689015208,59.163589887594235
p00_s23,data/raw/p00_s23.png,resnet50,94.97788548469543,92.56995797157288,5.334051404120942,0.49854464576388613,46.41970106625725
p00_s24,data/raw/p00_s24.png,resnet50,94.4641649723053,93.52862119674684,2.100392188587984,0.19631218379632392,75.16781332215432
p00_s25,data/raw/p00_s25.png,resnet50,92.52614378929138,89.39585566520691,5.707969628275935,0.5334927395265359,41.70381572405688
p00_s27,data/raw/p00_s27.png,resnet50,75.19071102142334,75.25646686553955,1.5887055078290884,0.1484876249996164,64.08181283481325
p00_s28,data/raw/p00_s28.png,resnet50,91.10174775123596,88.23294997215271,4.405056721676844,0.41171658772945974,51.90598088431387
p00_s29,data/raw/p00_s29.png,resnet50,85.77686548233032,87.42807388305664,2.128490121598281,0.1989383441007585,70.03527763684258
p01_s00,data/raw/p01_s00.png,resnet50,58.04941654205322,57.00881361961365,1.732078942679846,0.16188795673140297,47.77977326705302
p01_s04,data/raw/p01_s04.png,resnet50,77.65393853187561,75.42501926422119,2.320709913260817,0.216904077964735,59.06502500524292
p01_s05,data/raw/p01_s05.png,resnet50,90.68208932876588,88.84657144546509,5.354849104809529,0.5004884932330883,44.37988477379834
p01_s06,data/raw/p01_s06.png,resnet50,70.96490859985352,73.90549302101135,2.4918182149776893,0.23289663619182555,56.69315230031937
p01_s08,data/raw/p01_s08.png,resnet50,81.76920413970947,77.44211435317993,2.7468306919361933,0.25673125932508356,57.56030281049092
p01_s09,data/raw/p01_s09.png,resnet50,96.08034491539,93.7608540058136,1.5714333502148303,0.14687329078215353,79.9898888314347
p01_s10,data/raw/p01_s10.png,resnet50,90.35740494728088,88.18000197410583,2.2832223615917138,0.21340032129808764,69.36236122076565
p01_s11,data/raw/p01_s11.png,resnet50,94.87404227256776,91.34654998779295,4.150833070310295,0.38795569181506706,55.908135992359135
p01_s13,data/raw/p01_s13.png,resnet50,72.65976071357727,72.67366170883179,3.4289276404858837,0.3204831349310471,49.38297877746698
p01_s14,data/raw/p01_s14.png,resnet50,87.32110261917114,86.57687783241272,1.17186470254903,0.10952779205767502,77.09430356018149
p01_s15,data/raw/p01_s15.png,resnet50,75.46853423118591,75.20344972610474,3.051344685720521,0.2851925188180211,53.755988474912506
p01_s17,data/raw/p01_s17.png,resnet50,93.85597109794617,94.09610986709596,0.6743950288342919,0.06303201924439021,88.16504205913091
p01_s18,data/raw/p01_s18.png,resnet50,92.39706993103027,90.09806394577026,4.592752014120473,0.4292594413679839,51.42261934807203
p01_s19,data/raw/p01_s19.png,resnet50,86.44852042198181,89.88656282424927,2.593555577030336,0.2424054716496735,68.09756816786911
p01_s20,data/raw/p01_s20.png,resnet50,71.41252756118774,72.71241068840027,4.719031003417878,0.4410620486578309,40.64172586732488
p01_s21,data/raw/p01_s21.png,resnet50,84.45907235145569,84.43770170211792,1.4734675983712269,0.1377169671269054,72.8091975125359
p01_s22,data/raw/p01_s22.png,resnet50,58.44113826751709,65.16328930854797,10.699245191868297,1.0,0.0
p01_s23,data/raw/p01_s23.png,resnet50,87.43990063667297,86.69089794158936,3.468107585749159,0.3241450703816948,58.59047072686055
p01_s24,data/raw/p01_s24.png,resnet50,96.57151103019714,95.3561556339264,1.546963274056838,0.1445862064393636,81.56897083017545
p01_s26,data/raw/p01_s26.png,resnet50,89.54761624336243,87.56495714187622,1.7959139983370065,0.16785427066406028,72.8668051250969
p01_s27,data/raw/p01_s27.png,resnet50,80.41640520095825,80.17172813415527,1.6313922075619032,0.15247731763375266,67.94735807819681
p01_s29,data/raw/p01_s29.png,resnet50,69.99697089195251,69.49045538902283,1.835044973837055,0.1715116291784524,57.57203417289895
p02_s00,data/raw/p02_s00.png,resnet50,70.76908946037292,72.83855319023132,4.610231155925945,0.4308931212670815,41.45292165751422
p02_s01,data/raw/p02_s01.png,resnet50,73.1634259223938,74.12785530090332,4.779164348648615,0.4466823839387196,41.01624817883137
p02_s02,data/raw/p02_s02.png,resnet50,79.41274046897888,79.6754264831543,1.8406802125581565,0.17203832415740142,65.96819963446619
p02_s03,data/raw/p02_s03.png,resnet50,79.15472388267517,83.4764289855957,7.36776800715714,0.6886250268156144,25.992470836918127
p02_s05,data/raw/p02_s05.png,resnet50,83.11054110527039,83.07794332504272,2.1239856500216074,0.19851733574961825,66.58553135659746
p02_s07,data/raw/p02_s07.png,resnet50,76.76017880439758,79.0349292755127,3.809677067450967,0.3560697039027033,50.89298541040979
p02_s08,data/raw/p02_s08.png,resnet50,82.6009750366211,82.94399499893188,3.162949632487614,0.2956236235142585,58.4237906485991
p02_s09,data/raw/p02_s09.png,resnet50,92.94294714927672,88.76178741455078,5.206217825018433,0.48659673945740517,45.57059107021904
p02_s10,data/raw/p02_s10.png,resnet50,92.63438582420348,89.13564920425415,9.956526728509123,0.9305821625694064,6.187604005731334
p02_s11,data/raw/p02_s11.png,resnet50,75.22818446159363,79.84049558639526,5.833398012580586,0.5452158454144148,36.31019228695292
p02_s12,data/raw/p02_s12.png,resnet50,82.9262912273407,84.36293363571167,3.872589647332269,0.36194979906391317,53.827786757823596
p02_s13,data/raw/p02_s13.png,resnet50,85.50046682357788,84.26023960113525,2.640053870776496,0.24675141315417326,63.468906406845896
p02_s15,data/raw/p02_s15.png,resnet50,76.2899398803711,75.86461424827576,1.5849122349028,0.14813308850117524,64.62655463172841
p02_s16,data/raw/p02_s16.png,resnet50,86.86407208442688,84.75632667541504,3.3121480171851787,0.3095683814875555,58.51844780567628
p02_s18,data/raw/p02_s18.png,resnet50,88.45380544662476,88.74010682106018,1.8133638578570657,0.1694852137079043,73.69997085203055
p02_s20,data/raw/p02_s20.png,resnet50,75.91791152954102,74.59851861000061,3.4327134878100445,0.3208369773990221,50.66455538072332
p02_s21,data/raw/p02_s21.png,resnet50,93.69950890541077,90.91407656669617,3.5457530423221746,0.3314021670441798,60.78495457767257
p02_s22,data/raw/p02_s22.png,resnet50,75.45841336250305,76.4090645313263,4.762922440727593,0.44516434153201173,42.394473632161436
p02_s24,data/raw/p02_s24.png,resnet50,77.39492058753967,76.66367173194885,0.9347249907924484,0.08736363865208581,69.96605441701675
p02_s28,data/raw/p02_s28.png,resnet50,97.11622595787048,94.8580288887024,1.9548158046018675,0.1827059544431768,77.5269021839936
p02_s29,data/raw/p02_s29.png,resnet50,86.67082190513611,84.16228771209717,4.825893618785496,0.451049913544677,46.200895115833504
p03_s01,data/raw/p03_s01.png,resnet50,96.08156681060792,96.39037728309631,1.995350783568853,0.18649453749180095,78.41409845302506
p03_s02,data/raw/p03_s02.png,resnet50,91.95020794868468,91.61535620689392,1.924798369181581,0.17990038873438266,75.13371801123478
p03_s03,data/raw/p03_s03.png,resnet50,84.44233536720276,82.75640487670898,3.468145787583274,0.3241486408984397,55.93102871028275
p03_s04,data/raw/p03_s04.png,resnet50,76.45038962364197,78.44068050384521,1.078319562222646,0.10078463881192262,70.53506485110375
p03_s07,data/raw/p03_s07.png,resnet50,100.0,98.86375904083252,1.614528628164239,0.1509011709902043,83.9451020330775
p03_s08,data/raw/p03_s08.png,resnet50,91.01707935333252,88.35203886032104,6.897644300113583,0.6446851321209062,31.392793014503535
p03_s09,data/raw/p03_s09.png,resnet50,74.55552220344543,73.85694861412048,1.9085017462750733,0.17837723241687967,60.68255052557798
p03_s10,data/raw/p03_s10.png,resnet50,80.95042705535889,79.40043210983276,1.9281358566220212,0.18021232545333707,65.09149559731999
p03_s11,data/raw/p03_s11.png,resnet50,84.88790392875671,85.59792160987854,1.6538155077397094,0.1545731010068497,72.36678542689837
p03_s12,data/raw/p03_s12.png,resnet50,97.06294536590576,97.78924822807312,1.014631909572172,0.09483210183306376,88.51568828192974
p03_s14,data/raw/p03_s14.png,resnet50,75.16127228736877,75.12243986129761,0.9648739602868124,0.09018149813223661,68.34778569125695
p03_s15,data/raw/p03_s15.png,resnet50,97.98440337181091,94.69117879867554,7.0495396686819936,0.6588819624434653,32.30086908571914
p03_s16,data/raw/p03_s16.png,resnet50,84.08364653587341,85.52512526512146,1.5009636677633325,0.14028687452682212,73.52707274816262
p03_s17,data/raw/p03_s17.png,resnet50,86.15536689758301,89.46687936782837,4.732227432818443,0.4422954468241422,49.896085981873085
p03_s18,data/raw/p03_s18.png,resnet50,88.43966126441956,87.30512857437134,2.819563927421226,0.2635292375170697,64.29767460983753
p03_s20,data/raw/p03_s20.png,resnet50,89.97739553451538,93.08220744132996,3.784478964549377,0.35371457487727065,60.15767400758201
p03_s21,data/raw/p03_s21.png,resnet50,79.58565950393677,79.99366998672485,0.8456063266350662,0.07903420395279369,73.67143395806157
p03_s22,data/raw/p03_s22.png,resnet50,93.79064440727234,94.39488053321838,1.7319719215233436,0.16187795404854233,79.11443039984441
p03_s23,data/raw/p03_s23.png,resnet50,88.2533073425293,90.3658640384674,2.73971873730969,0.25606654377749444,67.22618955867007
p03_s24,data/raw/p03_s24.png,resnet50,98.4033226966858,97.67716884613036,1.637443520437549,0.15304290079098742,82.72837158486749
p03_s26,data/raw/p03_s26.png,resnet50,86.7678701877594,86.58964157104492,2.0443149734253336,0.1910709528349781,70.04487625042614
p03_s27,data/raw/p03_s27.png,resnet50,82.49977231025696,82.25901246070862,2.3433155280756908,0.21901690129100615,64.24289844830595
p03_s28,data/raw/p03_s28.png,resnet50,91.2416160106659,92.04569339752196,1.1455858638810843,0.1070716525640294,82.19020889404732
p04_s00,data/raw/p04_s00.png,resnet50,76.96682810783386,78.69145035743713,3.245977143976582,0.3033837514485236,54.817742941072595
p04_s01,data/raw/p04_s01.png,resnet50,86.44508719444275,86.949383020401,2.452933549574498,0.2292622989366382,67.01516757802158
p04_s02,data/raw/p04_s02.png,resnet50,75.38109421730042,75.96793413162231,3.6119611092234014,0.3375902733744793,50.3218984804335
p04_s06,data/raw/p04_s06.png,resnet50,83.65806937217712,84.95124101638794,1.6175925774789817,0.15118754159484016,72.10767173168949
p04_s11,data/raw/p04_s11.png,resnet50,84.53381657600403,84.43110346794128,2.537099557128512,0.23712883587870046,64.41005419063426
p04_s12,data/raw/p04_s12.png,resnet50,79.52623963356018,83.29723834991455,4.775227704258888,0.44631444729280384,46.1204774547555
p04_s13,data/raw/p04_s13.png,resnet50,84.57779288291931,84.3438184261322,1.3755835428932723,0.12856827918466168,73.49987883122083
p04_s14,data/raw/p04_s14.png,resnet50,76.24712586402893,76.13240003585815,1.6343083224494084,0.15274987096206796,64.50318575434828
p04_s15,data/raw/p04_s15.png,resnet50,91.81669354438782,89.11107540130615,4.878899175349105,0.4560040533566979,48.47606381933621
p04_s17,data/raw/p04_s17.png,resnet50,88.57543468475342,91.12867832183838,4.439888246023791,0.41497210003171264,53.31281930551071
p04_s18,data/raw/p04_s18.png,resnet50,83.70700478553772,84.29496765136719,2.0378919972995937,0.19047063234408762,68.23925185938687
p04_s20,data/raw/p04_s20.png,resnet50,89.58958387374878,90.41274785995483,3.567610320135039,0.3334450473989058,60.265064864326874
p04_s21,data/raw/p04_s21.png,resnet50,76.91314220428467,78.93095374107361,3.805440988745121,0.35567378076701656,50.85728300443947
p04_s22,data/raw/p04_s22.png,resnet50,83.92289280891418,84.51658368110657,1.3856557521434818,0.12950967356058127,73.5708685181109
p04_s24,data/raw/p04_s24.png,resnet50,81.04042410850525,81.16042017936707,0.92190978083758,0.0861658709848294,74.16716188511718
p04_s25,data/raw/p04_s25.png,resnet50,79.93184924125671,80.38006901741028,4.137327750686648,0.38669342336701695,49.2976249585908
p04_s26,data/raw/p04_s26.png,resnet50,75.99582076072693,76.77311658859253,3.0308842329654127,0.2832801920708353,55.024813375499406
p04_s28,data/raw/p04_s28.png,resnet50,79.49472665786743,79.69908952713013,1.898816478190988,0.17747200331796656,65.55473244613238
p05_s00,data/raw/p05_s00.png,resnet50,81.947261095047,82.14272022247314,1.8859448832936316,0.17626896565815675,67.66350789251045
p05_s04,data/raw/p05_s04.png,resnet50,77.01486349105835,75.86608409881592,1.6161656331250582,0.15105417290122353,64.40619551401461
p05_s05,data/raw/p05_s05.png,resnet50,69.86224055290222,70.63821792602539,1.0156653113577172,0.0949286882526675,63.93262455780174
p05_s06,data/raw/p05_s06.png,resnet50,73.94635677337646,75.71775913238525,2.7166123999902267,0.2539069206540778,56.492496072254134
p05_s08,data/raw/p05_s08.png,resnet50,79.81082797050476,79.29838418960571,3.3824945634075334,0.3161432888722203,54.228732209650886
p05_s09,data/raw/p05_s09.png,resnet50,73.49498867988586,74.02432918548584,1.643396609485812,0.1535993035036561,62.65424378026985
p05_s10,data/raw/p05_s10.png,resnet50,76.60256028175354,76.23618364334106,1.0609606323557343,0.09916219446602569,68.67643637555243
p05_s11,data/raw/p05_s11.png,resnet50,86.5415632724762,84.77715253829956,2.969572347451651,0.2775497050678493,61.24727885480245
p05_s12,data/raw/p05_s12.png,resnet50,65.70585370063782,63.81699442863464,1.9155975475399176,0.1790404381979975,52.39117178165272
p05_s14,data/raw/p05_s14.png,resnet50,85.1007342338562,85.85775017738342,1.5014083765455946,0.14032843902733474,73.80946611659233
p05_s15,data/raw/p05_s15.png,resnet50,85.08585095405579,82.2910225391388,2.81228925325859,0.2628493134633462,60.66088376052941
p05_s16,data/raw/p05_s16.png,resnet50,84.94609594345093,83.48066806793213,5.2610912477275065,0.49172545851422045,42.43109828515476
p05_s17,data/raw/p05_s17.png,resnet50,83.96241068840027,83.15903902053833,1.2489711620296,0.11673451160637485,73.45150921482032
p05_s18,data/raw/p05_s18.png,resnet50,71.77121043205261,71.30498886108398,0.5098761662539429,0.04765533989645008,67.90692538059643
p05_s21,data/raw/p05_s21.png,resnet50,62.23031878471375,65.02180337905884,3.2302923399408767,0.3019177784986162,45.39056494887958
p05_s22,data/raw/p05_s22.png,resnet50,83.26345086097717,83.02897453308105,1.1969524118590456,0.11187260319716388,73.74030701127425
p05_s24,data/raw/p05_s24.png,resnet50,77.95181274414062,76.15277647972107,2.1574699968684983,0.20164693473033324,60.7968025313811
p05_s25,data/raw/p05_s25.png,resnet50,75.95099210739136,76.4684545993805,1.0694485893164067,0.09995551743493226,68.82501065244979
p05_s27,data/raw/p05_s27.png,resnet50,77.21844911575317,78.35551619529724,1.8877936302104728,0.17644175793309652,64.53033117404378
p05_s28,data/raw/p05_s28.png,resnet50,70.49042582511902,72.33222484588623,1.9785729941801928,0.18492640917173853,58.95608623773368
p06_s00,data/raw/p06_s00.png,resnet50,77.72247195243835,76.88405275344849,2.071855300761868,0.19364499678318725,61.99584060532855
p06_s01,data/raw/p06_s01.png,resnet50,91.75278544425964,88.89860153198242,3.897678179258864,0.3642946870888799,56.51331330424986
p06_s02,data/raw/p06_s02.png,resnet50,79.71262335777283,77.6833164691925,3.966259380122351,0.3707045972866208,48.88575392159138
p06_s03,data/raw/p06_s03.png,resnet50,79.74250912666321,79.0399706363678,1.5420521280348216,0.14412718844940772,67.64816189342436
p06_s04,data/raw/p06_s04.png,resnet50,100.0,100.0,0.0,0.0,100.0
p06_s05,data/raw/p06_s05.png,resnet50,88.91741633415222,88.3283269405365,1.0737340484991909,0.10035605589404162,79.46404442506484
p06_s07,data/raw/p06_s07.png,resnet50,88.74606490135193,91.26794934272766,3.5693799241121416,0.33361044261561207,60.82000836588102
p06_s08,data/raw/p06_s08.png,resnet50,68.95458102226257,69.79902267456055,1.5582499800759295,0.14564111319368958,59.63341531240597
p06_s09,data/raw/p06_s09.png,resnet50,88.86388540267944,89.98604536056519,2.614922383357962,0.24440251031403323,67.99322998121059
p06_s10,data/raw/p06_s10.png,resnet50,97.2107470035553,94.09229755401611,1.788723672069252,0.1671822301472938,78.36173740925294
p06_s15,data/raw/p06_s15.png,resnet50,100.0,99.61859822273254,0.7628035545349121,0.07129508118148957,92.51628217525663
p06_s16,data/raw/p06_s16.png,resnet50,100.0,99.35076594352722,1.2984681129455566,0.12136072121540181,87.29348533531818
p06_s17,data/raw/p06_s17.png,resnet50,87.91096806526184,85.28236389160156,4.051893675083453,0.3787083670316292,52.98521912561596
p06_s18,data/raw/p06_s18.png,resnet50,87.5230610370636,87.42748737335205,0.8478372834958781,0.07924271930325107,80.49949553203699
p06_s19,data/raw/p06_s19.png,resnet50,74.38562512397766,75.04293918609619,2.2152049861197787,0.2070431087796167,59.50581576504712
p06_s20,data/raw/p06_s20.png,resnet50,89.4336998462677,89.329913854599,0.6043248585912334,0.056482943212717095,84.28429740315278
p06_s23,data/raw/p06_s23.png,resnet50,100.0,99.98575687408449,0.0284862518310546,0.002662454343293758,99.71954936142757
p06_s24,data/raw/p06_s24.png,resnet50,80.9263288974762,79.09846305847168,3.532587334973836,0.33017164030026097,52.98239376522648
p06_s26,data/raw/p06_s26.png,resnet50,84.6566379070282,87.6421308517456,2.853639581694497,0.2667141027727205,64.26673855653291
p06_s27,data/raw/p06_s27.png,resnet50,100.0,96.9662082195282,6.067583560943604,0.5671038893056797,41.97629440700939
p06_s28,data/raw/p06_s28.png,resnet50,100.0,99.37254071235655,1.2549185752868652,0.11729038383386482,87.7170972696579
p07_s00,data/raw/p07_s00.png,resnet50,91.12282991409302,90.6829833984375,3.096809655668745,0.28944188119199293,64.43553009149149
p07_s01,data/raw/p07_s01.png,resnet50,84.6539318561554,82.69731998443604,2.489498039657292,0.23267978207933535,63.45532559191239
p07_s03,data/raw/p07_s03.png,resnet50,62.042587995529175,62.18762278556824,0.7512443233825816,0.07021470299171635,57.82113732191867
p07_s04,data/raw/p07_s04.png,resnet50,85.04379987716675,86.40835881233215,1.8360659525976435,0.17160705448577823,71.5800748735976
p07_s05,data/raw/p07_s05.png,resnet50,81.62174224853516,78.79993438720703,3.875830009994441,0.36225265806041834,50.25444870045472
p07_s07,data/raw/p07_s07.png,resnet50,87.36345171928406,90.3548300266266,4.859729576773101,0.45421237569792505,49.31454802445032
p07_s08,data/raw/p07_s08.png,resnet50,91.18373394012453,87.70287752151489,3.372624677915572,0.31522080459272533,60.05710590408572
p07_s09,data/raw/p07_s09.png,resnet50,82.30900168418884,85.18383145332336,3.507658866007358,0.3278417124857807,57.25701827356573
p07_s10,data/raw/p07_s10.png,resnet50,83.3594262599945,82.04331994056702,1.4777224989908602,0.13811464944405308,70.71193556774932
p07_s12,data/raw/p07_s12.png,resnet50,78.0539333820343,79.0440022945404,3.0510805106866195,0.2851678278207438,56.50319585794843
p07_s13,data/raw/p07_s13.png,resnet50,77.04609632492065,76.206613779068,2.250255837016868,0.2103191203363692,60.17890580524098
p07_s14,data/raw/p07_s14.png,resnet50,71.33365273475647,71.60048484802246,1.6857173802863563,0.1575547947594981,60.31948515311173
p07_s17,data/raw/p07_s17.png,resnet50,81.57796263694763,83.73933553695679,3.203075868384,0.29937400358096483,58.669955400048266
p07_s18,data/raw/p07_s18.png,resnet50,100.0,98.28263759613036,3.434724807739258,0.32102496448532064,66.73145735230896
p07_s20,data/raw/p07_s20.png,resnet50,92.70861148834229,93.09496283531188,1.9506371899874029,0.1823154021621953,76.12231724671736
p07_s21,data/raw/p07_s21.png,resnet50,79.46937680244446,78.59761834144592,1.513848862617921,0.14149118330034022,67.4767483177262
p07_s22,data/raw/p07_s22.png,resnet50,74.97333288192749,77.67065286636353,3.736063967031743,0.3491894895418649,50.54887723957466
p07_s23,data/raw/p07_s23.png,resnet50,87.53998279571533,86.11438512802124,2.287410477923193,0.2137917616526523,67.70383902786661
p07_s25,data/raw/p07_s25.png,resnet50,84.27855372428894,82.35734820365906,2.548422370331206,0.23818711737423057,62.74088884044374
p07_s27,data/raw/p07_s27.png,resnet50,88.45327496528625,87.89555311203003,1.5677488693164778,0.14652892248025193,75.01631242371852
p07_s28,data/raw/p07_s28.png,resnet50,66.97046160697937,69.35166835784912,5.825949197481226,0.5445196453586368,31.588322498603322
p07_s29,data/raw/p07_s29.png,resnet50,72.86171913146973,76.95035099983215,7.894718405112663,0.7378762018757036,20.170518271073757
p08_s01,data/raw/p08_s01.png,resnet50,85.97386479377747,85.22773504257202,2.224095563090837,0.20787406244145212,67.51109952658886
p08_s03,data/raw/p08_s03.png,resnet50,95.58001160621644,93.25482726097108,5.768271617828802,0.5391288370709401,42.97846068851234
p08_s06,data/raw/p08_s06.png,resnet50,84.41269993782043,84.68122720718384,2.9842157681578008,0.2789183456068361,61.06207941059953
p08_s07,data/raw/p08_s07.png,resnet50,74.03558492660522,76.40126585960388,3.8087659401958,0.35598454581548994,49.203595932844294
p08_s09,data/raw/p08_s09.png,resnet50,91.70345664024352,90.27562022209167,2.861462951190494,0.26744531038182767,66.13182895188237
p08_s10,data/raw/p08_s10.png,resnet50,80.35774827003479,77.4978506565094,5.56123126904049,0.5197779066944993,37.21618006894602
p08_s11,data/raw/p08_s11.png,resnet50,77.31633186340332,76.74153447151184,0.838837435554743,0.07840155268077052,70.72487901384044
p08_s13,data/raw/p08_s13.png,resnet50,84.70987677574158,85.48760056495667,3.62832640838784,0.33911984848664484,56.497058413881746
p08_s17,data/raw/p08_s17.png,resnet50,99.04865622520448,99.01208996772766,0.7548019234664723,0.07054721243701764,92.02706302294128
p08_s18,data/raw/p08_s18.png,resnet50,94.13806200027466,93.94313216209412,4.357157625405024,0.4072397208652229,55.685757243198154
p08_s20,data/raw/p08_s20.png,resnet50,78.45857739448547,80.25486826896667,3.51392159674383,0.32842705571552855,53.89699817655235
p08_s22,data/raw/p08_s22.png,resnet50,95.8690881729126,97.10257887840272,0.7193875787990085,0.06723722710325039,90.57367073004427
p08_s23,data/raw/p08_s23.png,resnet50,77.23820805549622,77.96043634414673,1.3802563678635305,0.12900502260781546,67.90314849105492
p08_s24,data/raw/p08_s24.png,resnet50,99.11859035491943,98.89302968978882,1.3127348324172536,0.12269415354785645,86.75943312021714
p08_s25,data/raw/p08_s25.png,resnet50,76.21425986289978,74.7877037525177,2.856868505515461,0.2670158926432264,54.81819827630201
p08_s27,data/raw/p08_s27.png,resnet50,82.45168328285217,84.23792719841003,5.118194900597638,0.47836971756545954,43.941053756206884
p08_s28,data/raw/p08_s28.png,resnet50,85.86799502372742,88.10887575149536,1.1769342132335885,0.11000161152752055,78.41675742895279
p09_s05,data/raw/p09_s05.png,resnet50,79.00919914245605,79.18197751045227,1.430825837311574,0.13373147466505755,68.59285489108407
p09_s06,data/raw/p09_s06.png,resnet50,72.53386974334717,73.00746440887451,1.3184391228395604,0.1232273024120999,64.01095151382151
p09_s07,data/raw/p09_s07.png,resnet50,69.54551339149475,69.73592400550842,1.8649058070104751,0.17430255813072232,57.58077405773866
p09_s11,data/raw/p09_s11.png,resnet50,92.47042536735536,91.51315450668336,1.6659180592919482,0.15570426038633914,77.26416646859946
p09_s12,data/raw/p09_s12.png,resnet50,98.06295037269592,96.35566353797913,2.5422430352296432,0.23760956867890212,73.46063588495049
p09_s15,data/raw/p09_s15.png,resnet50,74.52238202095032,74.47208166122437,1.1337093867002348,0.10596162312102944,66.58089901119918
p09_s16,data/raw/p09_s16.png,resnet50,80.74182868003845,77.60027170181274,4.462508168271067,0.41708626059553144,45.23426455650643
p09_s17,data/raw/p09_s17.png,resnet50,80.0433099269867,80.40221571922302,0.465953115177171,0.04355009225616284,76.90069180705096
p09_s18,data/raw/p09_s18.png,resnet50,83.80723595619202,86.48637056350708,4.663907502911703,0.4359099561954514,48.78610055966514
p09_s22,data/raw/p09_s22.png,resnet50,85.5246365070343,86.22035145759583,0.7325406584203024,0.06846657360250537,80.31713941849046
p09_s23,data/raw/p09_s23.png,resnet50,94.2628800868988,91.84531331062315,5.702373626437336,0.5329697118046502,42.89454314485253
p09_s24,data/raw/p09_s24.png,resnet50,87.78944611549377,86.93472266197205,0.6543443166047541,0.06115798870578952,81.61796987527022
p09_s25,data/raw/p09_s25.png,resnet50,69.73850727081299,68.90137910842896,2.043617021604201,0.19100571909104416,55.74082164545884
p09_s27,data/raw/p09_s27.png,resnet50,85.10282635688782,83.5612690448761,4.989531063360084,0.46634421156664924,44.5929549146347
p6_seed22,data/raw/p6_seed22.jpg,resnet50,74.40550327301025,77.3479175567627,2.165308671486399,0.20237957282557553,61.69427904267723
p6_seed23,data/raw/p6_seed23.jpg,resnet50,69.94258761405945,69.38954949378967,0.7754681866126033,0.07247877515714653,64.3602799377736
p6_seed26,data/raw/p6_seed26.jpg,resnet50,88.16636204719543,86.8133544921875,1.1768527770476538,0.10999400013209272,77.26440636670641
p6_seed27,data/raw/p6_seed27.jpg,resnet50,84.22677516937256,81.89140677452087,4.209356454049772,0.39342555279030256,49.67323479547947
p6_seed29,data/raw/p6_seed29.jpg,resnet50,92.18559861183168,92.53262042999268,2.119461057666164,0.19809444681920266,74.20242217318203
p7_seed10,data/raw/p7_seed10.jpg,resnet50,75.2263605594635,74.23307657241821,2.092384693356568,0.1955637669605735,59.71577648484341
p7_seed13,data/raw/p7_seed13.jpg,resnet50,82.30662941932678,79.99356269836426,3.23513848112928,0.30237072084188416,55.8058514825494
p7_seed14,data/raw/p7_seed14.jpg,resnet50,100.0,100.0,0.0,0.0,100.0
p7_seed15,data/raw/p7_seed15.jpg,resnet50,59.94414687156677,62.12411880493164,3.7740575669512655,0.35274054377402686,40.21042335619781
p7_seed16,data/raw/p7_seed16.jpg,resnet50,86.96237206459045,87.39987850189209,3.6205928610507447,0.3383970360640477,57.82401866449393
p7_seed2,data/raw/p7_seed2.jpg,resnet50,97.28658199310304,92.46992230415344,5.794748764889529,0.5416035113667352,42.38788768841475
p7_seed21,data/raw/p7_seed21.jpg,resnet50,61.2317681312561,64.67791438102722,4.0446198502101245,0.3780285223563378,40.22781797847777
p7_seed22,data/raw/p7_seed22.jpg,resnet50,81.56850934028625,81.92589282989502,0.7028397920451183,0.06569059587299622,76.54413211247198
p7_seed23,data/raw/p7_seed23.jpg,resnet50,80.81572651863098,79.74582314491272,1.055700377676048,0.09867054719695625,71.87725913853248
p7_seed25,data/raw/p7_seed25.jpg,resnet50,66.39375686645508,69.04228806495667,3.654934059298189,0.34160672026434474,45.45697847954071
p7_seed26,data/raw/p7_seed26.jpg,resnet50,73.97579550743103,72.98010230064392,1.1940250430906214,0.11159899803007706,64.83559600775953
p7_seed27,data/raw/p7_seed27.jpg,resnet50,91.0437822341919,91.62808656692503,1.6829708036848643,0.15729808724861877,77.21516381169687
p7_seed29,data/raw/p7_seed29.jpg,resnet50,79.74509596824646,77.25815415382385,2.2363107587633597,0.2090157500515096,61.10998311576721
p7_seed4,data/raw/p7_seed4.jpg,resnet50,92.40886569023132,93.46063256263731,0.8465674005571084,0.07912403028211014,86.06565064156604
p7_seed6,data/raw/p7_seed6.jpg,resnet50,83.34748148918152,85.23203611373901,5.164519341613828,0.48269941000501576,44.090582568111
p7_seed9,data/raw/p7_seed9.jpg,resnet50,89.51120972633362,90.33141613006592,1.578804752178137,0.14756225545499876,77.00190862746933
p8_seed0,data/raw/p8_seed0.jpg,resnet50,69.81205940246582,72.15837478637695,2.951382351101932,0.2758495854777736,52.25351701280504
p8_seed1,data/raw/p8_seed1.jpg,resnet50,93.1219518184662,92.60873436927795,3.608279013039779,0.33724612795883624,61.37679728807056
p8_seed10,data/raw/p8_seed10.jpg,resnet50,74.45833683013916,74.30286049842834,1.3556293736213154,0.126703271988909,64.88844495514202
p8_seed14,data/raw/p8_seed14.jpg,resnet50,79.95088696479797,80.9996235370636,1.2165422771861911,0.11370356089332309,71.78967790988084
p8_seed15,data/raw/p8_seed15.jpg,resnet50,74.99451637268066,75.48097252845764,0.5826415468389546,0.05445632251532821,71.37055634467733
p8_seed17,data/raw/p8_seed17.jpg,resnet50,73.60165119171143,72.37748503684998,1.3408303656023075,0.12532008955373536,63.30713213035779
p8_seed19,data/raw/p8_seed19.jpg,resnet50,77.81388759613037,76.12974762916565,2.3563014786017686,0.22023062714672795,59.363645564272375
p8_seed2,data/raw/p8_seed2.jpg,resnet50,85.04788279533386,83.74790787696838,5.447314592857759,0.5091307372783511,41.10927379404804
p8_seed20,data/raw/p8_seed20.jpg,resnet50,84.35381054878235,84.99880194664001,1.047687958733605,0.09792167016883349,76.67557729767513
p8_seed21,data/raw/p8_seed21.jpg,resnet50,68.36678385734558,67.77724027633667,1.8688024788754465,0.17466675876311208,55.93880939936029
p8_seed23,data/raw/p8_seed23.jpg,resnet50,60.99693179130554,61.61592483520508,2.375347760590249,0.22201077907772176,47.93652535894686
p8_seed25,data/raw/p8_seed25.jpg,resnet50,54.48554158210754,58.0108106136322,5.294574355920425,0.4948549417247151,29.303874308019754
p8_seed26,data/raw/p8_seed26.jpg,resnet50,66.8029248714447,67.08340048789978,0.3560972459853013,0.03328246428598014,64.85069960697915
p8_seed27,data/raw/p8_seed27.jpg,resnet50,82.74888396263123,82.59586572647095,1.028149666973686,0.0960955327722657,74.6587720046992
p8_seed28,data/raw/p8_seed28.jpg,resnet50,84.92839932441711,83.27157258987427,4.07649143814562,0.3810073855718214,51.54448842495212
p8_seed29,data/raw/p8_seed29.jpg,resnet50,60.07079482078552,61.91166996955872,3.087291008098964,0.2885522252023335,44.04691983385007
p8_seed5,data/raw/p8_seed5.jpg,resnet50,69.47993636131287,72.57067084312439,5.152003282057183,0.4815296022912755,37.62574457402364
p8_seed8,data/raw/p8_seed8.jpg,resnet50,68.53829026222229,67.8144896030426,1.4868252661187185,0.13896543536068734,58.39061953159299
p8_seed9,data/raw/p8_seed9.jpg,resnet50,86.09361052513123,86.77563548088074,2.572542460766496,0.24044149046342958,65.91117234994651
p9_seed1,data/raw/p9_seed1.jpg,resnet50,100.0,99.86756920814514,0.2648615837097168,0.024755165337365898,97.39533102055668
p9_seed11,data/raw/p9_seed11.jpg,resnet50,70.47612071037292,73.5758101940155,5.07646735020082,0.47446967138009577,38.66631970973667
p9_seed12,data/raw/p9_seed12.jpg,resnet50,78.36464047431946,79.46340680122375,0.8378669822384875,0.07831084971071493,73.24055989371172
p9_seed14,data/raw/p9_seed14.jpg,resnet50,73.2632040977478,72.54457950592041,1.059959243647333,0.0990686001338608,65.35768956696931
p9_seed15,data/raw/p9_seed15.jpg,resnet50,74.1315245628357,73.930504322052,1.8787748501654964,0.17559882183029266,60.948394865780315
p9_seed16,data/raw/p9_seed16.jpg,resnet50,86.33580207824707,83.80879521369934,4.140019446448529,0.3869450014656222,51.37940082690242
p9_seed17,data/raw/p9_seed17.jpg,resnet50,83.08455348014832,85.37546157836914,4.357013885419458,0.4072262862739982,50.60832942088146
p9_seed18,data/raw/p9_seed18.jpg,resnet50,66.0675585269928,67.69350290298462,0.9955699891558496,0.09305048826364953,61.39458940558512
p9_seed19,data/raw/p9_seed19.jpg,resnet50,75.90409517288208,78.40457797050476,5.046218911210558,0.4716425150295476,41.425645626665634
p9_seed2,data/raw/p9_seed2.jpg,resnet50,83.59327912330627,80.82195281982422,5.571925351541399,0.5207774241659782,38.73170441425194
p9_seed21,data/raw/p9_seed21.jpg,resnet50,98.4279453754425,98.38894248008728,1.4506638459855303,0.13558562496427995,85.04881622435005
p9_seed22,data/raw/p9_seed22.jpg,resnet50,79.3592631816864,77.67983555793762,2.9930638899520807,0.27974533121522316,55.94926423103829
p9_seed25,data/raw/p9_seed25.jpg,resnet50,75.98523497581482,73.5414457321167,3.0705044048284567,0.2869832730968835,52.436280927637014
p9_seed29,data/raw/p9_seed29.jpg,resnet50,84.09968614578247,85.84761023521423,3.916395500740247,0.3660440928783284,54.42359962089294
p9_seed4,data/raw/p9_seed4.jpg,resnet50,64.40305709838867,64.91795301437378,1.0663633130734431,0.09966715351882083,58.44776542516259
p9_seed5,data/raw/p9_seed5.jpg,resnet50,91.94747805595398,92.02009558677672,1.0326447820052629,0.09651566661824888,83.13871471894399
p9_seed6,data/raw/p9_seed6.jpg,resnet50,75.11703372001648,75.77109336853027,0.3661499929271624,0.03422203962625755,73.17805200874757
p9_seed7,data/raw/p9_seed7.jpg,resnet50,72.43291139602661,71.00832343101501,2.1250984395811527,0.19862134211077642,56.90455493011072
p9_seed8,data/raw/p9_seed8.jpg,resnet50,78.39890718460083,78.36535334587097,1.4874375556264077,0.13902266271614178,67.47079325903668
p9_seed9,data/raw/p9_seed9.jpg,resnet50,82.66472816467285,80.59946656227112,4.554348497271606,0.4256700744397398,46.29068563090585
5_1,data/raw/5_1.png,resnet50,81.43349289894104,81.74326539039612,0.8016663531487446,0.07492737466732997,75.61845711795891
5_12,data/raw/5_12.png,resnet50,88.08349370956421,87.31367945671082,3.073320946998927,0.28724651990728567,62.233128892470376
5_15,data/raw/5_15.png,resnet50,69.3280041217804,71.32671236991882,2.1199947853623677,0.19814433143130683,57.19372863418813
5_17,data/raw/5_17.png,resnet50,77.3996651172638,80.40589213371277,6.346070854706444,0.5931325753268673,32.714538260989414
5_23,data/raw/5_23.png,resnet50,83.8172435760498,83.37097406387329,1.6536906419250057,0.15456143048126922,70.48503705194423
7_16,data/raw/7_16.png,resnet50,83.15265774726868,84.10496354103088,1.235435020103954,0.11546936236613368,74.39341702912112
7_17,data/raw/7_17.png,resnet50,77.65963673591614,79.06543731689453,3.458153900718516,0.3232147538171013,53.51032145907301
7_24,data/raw/7_24.png,resnet50,81.59299492835999,81.84891104698181,1.7289523735605394,0.16159573339571542,68.62247623870411
7_26,data/raw/7_26.png,resnet50,77.43449807167053,74.8410165309906,3.6613855498827577,0.3422097058459325,49.22969427870973
8_0,data/raw/8_0.png,resnet50,57.83659815788269,59.95412230491638,3.1412328363384927,0.2935938732132161,42.35195932231711
8_15,data/raw/8_15.png,resnet50,57.98397660255432,60.93578696250916,6.121957195073323,0.5721858958542392,26.06918910978279
8_16,data/raw/8_16.png,resnet50,64.39195275306702,66.40272617340088,5.176444051770475,0.4838139475207753,34.2761610973067
8_24,data/raw/8_24.png,resnet50,51.14579796791077,53.71495544910431,4.526799718075245,0.4230952405423637,30.988413452643172
8_5,data/raw/8_5.png,resnet50,67.28151440620422,68.43235373497009,2.739645087550393,0.25605966013682857,50.909588495230416
8_6,data/raw/8_6.png,resnet50,67.84310936927795,68.1299102306366,2.1969298248602827,0.20533502929066494,54.140453117858456
8_8,data/raw/8_8.png,resnet50,70.65603137016296,71.56154870986938,1.4706593025950738,0.13745449106193144,61.72509245235067
p00_s05,data/raw/p00_s05.png,resnet50,88.92409205436707,90.27426481246948,2.849068731906582,0.26628689041278797,66.23541155125642
p00_s06,data/raw/p00_s06.png,resnet50,94.77322697639464,93.4407925605774,2.011296941046969,0.1879849377202428,75.87533099054713
p00_s10,data/raw/p00_s10.png,resnet50,89.7687017917633,86.29628777503967,3.77265774773572,0.35260971031891464,55.86737874108524
p00_s13,data/raw/p00_s13.png,resnet50,97.9416847229004,97.49224066734314,1.2592521035151838,0.1176954150440676,86.01785093842406
p00_s18,data/raw/p00_s18.png,resnet50,92.67396330833436,89.02485370635986,7.750508694468954,0.7243977080139766,24.535453725193207
p01_s01,data/raw/p01_s01.png,resnet50,84.01840925216675,88.29471945762634,4.535023559179651,0.42386387804500325,50.869777257421234
p01_s03,data/raw/p01_s03.png,resnet50,72.75581359863281,73.45572233200073,1.0179857333900428,0.09514556542397387,66.4667360970961
p01_s07,data/raw/p01_s07.png,resnet50,84.81629490852356,83.94240260124207,2.309161177945574,0.21582468076351743,65.82556035730634
p01_s12,data/raw/p01_s12.png,resnet50,91.00380539894104,91.49700045585632,1.367777462257561,0.12783868747087945,79.8001440100572
p02_s06,data/raw/p02_s06.png,resnet50,74.27932024002075,75.5029308795929,3.065957722259144,0.28655831951485244,53.86693788829069
p02_s19,data/raw/p02_s19.png,resnet50,87.57147789001465,86.01816296577454,1.9074066924035284,0.17827488371359196,70.68328496579429
p02_s23,data/raw/p02_s23.png,resnet50,69.21187043190002,72.50632524490356,2.367029632989962,0.2212333291313826,56.46550952789074
p02_s27,data/raw/p02_s27.png,resnet50,83.1190288066864,83.51414799690247,0.9681386647463488,0.09048663222356651,75.95723400164225
p03_s06,data/raw/p03_s06.png,resnet50,93.0106282234192,92.2969663143158,1.5349643023556891,0.14346472810271715,79.05560713732683
p04_s03,data/raw/p04_s03.png,resnet50,85.99599003791809,86.62128686904907,6.412797978777024,0.5993691950952686,34.70315588023077
p04_s04,data/raw/p04_s04.png,resnet50,79.45111989974976,80.17185688018799,1.0656715056848052,0.09960249406142622,72.18653998138555
p04_s07,data/raw/p04_s07.png,resnet50,77.72953510284424,81.43542170524597,5.175079564985818,0.48368641639496335,42.04621441302293
p04_s08,data/raw/p04_s08.png,resnet50,84.56327319145203,82.38957524299622,3.747061109246881,0.35021733234927116,53.53531798800452
p04_s19,data/raw/p04_s19.png,resnet50,84.64623093605042,82.0700192451477,2.3484042404503533,0.21949251543793027,64.0562642789909
p04_s29,data/raw/p04_s29.png,resnet50,74.1854727268219,73.67648005485535,1.8747773036131052,0.17522519299193035,60.76650461827721
p05_s02,data/raw/p05_s02.png,resnet50,85.31920313835144,87.95404195785522,5.926199337718065,0.553889478317791,39.23722354187769
p05_s03,data/raw/p05_s03.png,resnet50,62.18843460083008,62.72090673446655,0.9514103990834384,0.08892313261561058,57.14356722714624
p05_s20,data/raw/p05_s20.png,resnet50,69.54427361488342,71.78843259811401,2.697934723510023,0.25216122026631593,53.68617383316741
p05_s23,data/raw/p05_s23.png,resnet50,92.56359934806824,92.92625546455383,1.4091027506717055,0.13170113642620884,80.6877620160399
p06_s11,data/raw/p06_s11.png,resnet50,87.95998692512512,88.37040662765503,1.7718999065787695,0.16560980469215336,73.7354008454829
p06_s12,data/raw/p06_s12.png,resnet50,84.79687571525574,85.13582825660706,1.1921542698760872,0.1114241470774177,75.6496412073851
p06_s14,data/raw/p06_s14.png,resnet50,71.51067852973938,70.06064295768738,1.596791085347981,0.14924333976022752,59.60455861693325
p06_s22,data/raw/p06_s22.png,resnet50,92.34210848808289,91.84725522994997,3.115357281569027,0.29117542646249284,65.10359151895986
p07_s15,data/raw/p07_s15.png,resnet50,85.6493353843689,84.2194414138794,5.132129109512462,0.47967207195260964,43.82172745219245
p07_s24,data/raw/p07_s24.png,resnet50,77.5709331035614,81.06387615203857,9.517724392947528,0.889569705364005,8.951907727805425
p08_s00,data/raw/p08_s00.png,resnet50,63.975948095321655,64.51920628547668,0.5741355335423297,0.05366131191933872,61.05702103220356
p08_s02,data/raw/p08_s02.png,resnet50,95.05688548088074,93.73419284820557,0.9286091665057394,0.0867920259656734,85.59881234865267
p08_s05,data/raw/p08_s05.png,resnet50,87.90101408958435,87.83092379570007,3.1836624146342163,0.29755953411123637,61.69599503049206
p08_s14,data/raw/p08_s14.png,resnet50,72.47880101203918,73.20942282676697,5.012882452012693,0.46852673829950303,38.90885073695265
p08_s15,data/raw/p08_s15.png,resnet50,84.76504683494568,84.71367239952087,1.2989707083865505,0.12140769606568151,74.42878060823213
p08_s21,data/raw/p08_s21.png,resnet50,99.44876432418825,93.85921716690063,10.437496574010082,0.9755357865751921,2.2961919206564474
p09_s01,data/raw/p09_s01.png,resnet50,91.68781638145448,90.63575029373168,0.6899649307520991,0.06448725292102758,84.7908997408527
p09_s02,data/raw/p09_s02.png,resnet50,85.17593741416931,84.9750304222107,2.725114544109673,0.254701569619213,63.331756795233254
p09_s03,data/raw/p09_s03.png,resnet50,69.96418237686157,70.09182929992676,1.7383162682303908,0.1624709254772062,58.7039449251773
p09_s09,data/raw/p09_s09.png,resnet50,77.03438401222229,74.54661726951599,5.2723046542248895,0.49277351436267464,37.81201869376735
p09_s13,data/raw/p09_s13.png,resnet50,84.57546830177307,84.83771562576294,0.9157989459846044,0.08559472463353165,77.5760547182379
p09_s14,data/raw/p09_s14.png,resnet50,80.41576743125916,80.96822619438171,0.9338849364963404,0.08728512336609662,73.9009045822711
p09_s19,data/raw/p09_s19.png,resnet50,87.78415322303772,86.71328067779541,2.6977042785518264,0.25213968183495333,64.84942167683107
p09_s20,data/raw/p09_s20.png,resnet50,68.25375556945801,69.55454111099243,2.0858590512279,0.19495385083923553,55.99461547804854
p09_s26,data/raw/p09_s26.png,resnet50,78.19057703018188,76.08456492424011,3.354699717635876,0.31354545647626947,52.22859528427089
p09_s28,data/raw/p09_s28.png,resnet50,87.2165322303772,85.16230940818787,2.1833694044555445,0.20406761087361208,67.78344039077963
p09_s29,data/raw/p09_s29.png,resnet50,62.49799728393555,60.983532667160034,1.8990352077762116,0.17749244677741635,50.1594162409353
p6_seed20,data/raw/p6_seed20.jpg,resnet50,82.11647272109985,81.04650974273682,2.9748927112606,0.2780469704088654,58.51177324655625
p6_seed24,data/raw/p6_seed24.jpg,resnet50,77.78524160385132,78.24178695678711,1.468858540925177,0.1372861837058887,67.50027061916063
p7_seed1,data/raw/p7_seed1.jpg,resnet50,78.86201739311218,79.28359746932983,0.7806531196510911,0.07296338252388193,73.49879801930565
p7_seed12,data/raw/p7_seed12.jpg,resnet50,87.60108351707458,86.54645323753357,4.679754501482593,0.4373910885825224,48.69180584301239
p7_seed18,data/raw/p7_seed18.jpg,resnet50,80.66691756248474,79.79009747505188,1.7748217653297402,0.16588289486800908,66.55428512408965
p7_seed19,data/raw/p7_seed19.jpg,resnet50,74.23930764198303,70.89795231819153,3.2548098854267686,0.30420929954016834,49.330135904642226
p7_seed5,data/raw/p7_seed5.jpg,resnet50,85.82691550254822,86.58164024353027,1.2620844217263858,0.11796013635481525,76.36845815457988
p7_seed8,data/raw/p7_seed8.jpg,resnet50,81.2030553817749,79.59621667861938,3.105101905092189,0.29021691244651043,56.49604843172703
p8_seed11,data/raw/p8_seed11.jpg,resnet50,73.08096289634705,72.01182126998901,3.041689088101581,0.28429006285540065,51.53957607481196
p8_seed12,data/raw/p8_seed12.jpg,resnet50,83.19901823997498,83.12537431716919,1.829741414720405,0.17101593448022442,68.90961074930006
p8_seed22,data/raw/p8_seed22.jpg,resnet50,78.00459861755371,77.39059329032898,1.4033027677921304,0.13115904371073547,67.24011708216297
p8_seed4,data/raw/p8_seed4.jpg,resnet50,64.14433717727661,64.6503210067749,2.034507088567581,0.19015426341606406,52.35678683611953
p8_seed6,data/raw/p8_seed6.jpg,resnet50,87.55619525909424,90.80142974853516,1.9493971020997825,0.1821994979217202,74.2574548377777
p9_seed13,data/raw/p9_seed13.jpg,resnet50,86.65609359741211,90.81868886947632,2.6519621845487213,0.24786441818945146,68.30796739211476
p9_seed23,data/raw/p9_seed23.jpg,resnet50,76.89197659492493,78.8817572593689,4.093804726276877,0.3826255640340194,48.69958039600826
p9_seed24,data/raw/p9_seed24.jpg,resnet50,84.81172919273376,84.99788165092468,5.500477113177618,0.5140995476352035,41.30050914423374
p9_seed26,data/raw/p9_seed26.jpg,resnet50,75.61349868774414,78.04871678352356,2.6287553450240058,0.24569540167393564,58.872505963260494
4_24,data/raw/4_24.png,resnet50,80.31256198883057,79.01994466781616,1.168592631089108,0.1092219694130637,70.38923068828596
4_26,data/raw/4_26.png,resnet50,82.93712139129639,82.70241975784302,0.6361755377439978,0.05945985219849973,77.78494610258339
4_29,data/raw/4_29.png,resnet50,73.96896481513977,72.3041296005249,4.078313348321304,0.3811776695631695,44.74340997960344
5_10,data/raw/5_10.png,resnet50,74.01798367500305,75.38576602935791,3.1357007451985104,0.2930768188751973,53.291945533003776
5_13,data/raw/5_13.png,resnet50,84.54646468162537,85.65078139305115,1.5608403591631426,0.14588322177618862,73.15576945578482
5_16,data/raw/5_16.png,resnet50,86.56321167945862,86.08198165893555,1.774079289655883,0.16581349972278692,71.80842701699468
5_19,data/raw/5_19.png,resnet50,92.73491501808168,91.32892608642578,1.4936417876777734,0.13960253839336068,78.57917617602112
5_21,data/raw/5_21.png,resnet50,86.8304431438446,87.31517314910889,0.6444736664031122,0.06023543295305812,82.05570589110108
5_25,data/raw/5_25.png,resnet50,78.89857888221741,80.65088391304016,1.7705366049389268,0.16548238433535298,67.30458334435652
5_3,data/raw/5_3.png,resnet50,80.31135201454163,82.302725315094,4.481965033659202,0.4189047875139465,47.825719655155844
5_8,data/raw/5_8.png,resnet50,75.34152269363403,77.60312676429749,2.9994251454669065,0.2803398830177803,55.84787528538035
6_2,data/raw/6_2.png,resnet50,100.0,96.5916383266449,5.400829682320268,0.5047860466292555,47.83352707829494
7_1,data/raw/7_1.png,resnet50,73.86723756790161,76.66831970214844,2.482324218775398,0.23200928423081926,58.88055772487336
7_14,data/raw/7_14.png,resnet50,76.48949027061462,74.44294929504395,5.006455273625071,0.4679260250461506,39.609155938701896
7_18,data/raw/7_18.png,resnet50,74.8639166355133,75.63985824584961,1.6568322337948718,0.15485505791138493,63.926643616779614
7_27,data/raw/7_27.png,resnet50,76.13194584846497,71.86928987503052,4.557652871847612,0.4259789162801453,41.2544876602414
7_3,data/raw/7_3.png,resnet50,68.80263090133667,69.92706298828125,2.239918765331436,0.209352970715526,55.287624618272865
7_6,data/raw/7_6.png,resnet50,79.69196438789368,78.86544942855835,4.799373700126961,0.4485712416212883,43.488676857369
7_8,data/raw/7_8.png,resnet50,89.64998126029968,87.83936858177185,3.5517964153768418,0.3319670081097215,58.67959619943398
8_11,data/raw/8_11.png,resnet50,66.09897017478943,67.88787961006165,1.9846054458365128,0.18549022947383842,55.295341242698996
8_25,data/raw/8_25.png,resnet50,73.83636236190796,72.46622323989868,1.046488610424212,0.09780957363418219,65.37833284192473
8_3,data/raw/8_3.png,resnet50,64.7657036781311,65.9060275554657,1.6510409083666413,0.15431377436059462,55.73581969026843
p00_s00,data/raw/p00_s00.png,resnet50,62.109726667404175,64.80586290359497,6.091017683778033,0.569294148750546,27.912264347848286
p00_s08,data/raw/p00_s08.png,resnet50,85.73521375656128,85.13144969940186,1.539317782744056,0.14387162413232454,72.88344976640961
p00_s15,data/raw/p00_s15.png,resnet50,84.27136540412903,84.57833409309387,4.192709035188453,0.39186960949123967,51.43465534061357
p00_s20,data/raw/p00_s20.png,resnet50,82.96540975570679,84.22877550125122,3.797760617090124,0.35495593838493583,54.33127145419049
p00_s26,data/raw/p00_s26.png,resnet50,81.60051703453064,81.63151025772095,1.5081815896392623,0.14096149425433482,70.12461059355455
p01_s02,data/raw/p01_s02.png,resnet50,91.08598232269289,88.6833906173706,4.388979748926424,0.4102139609121363,52.30422568510083
p01_s16,data/raw/p01_s16.png,resnet50,82.1538507938385,80.13399958610535,2.8929718634745862,0.27039027628540746,58.466545298163595
p01_s25,data/raw/p01_s25.png,resnet50,84.30489897727966,86.3084363937378,3.3258844811447865,0.3108522537339872,59.47926442448791
p01_s28,data/raw/p01_s28.png,resnet50,68.50658655166626,71.05979323387146,3.994457760683117,0.3733401458748705,44.53031966209975
p02_s04,data/raw/p02_s04.png,resnet50,71.63894772529602,72.63561725616455,3.184505932065666,0.29763837307756746,51.01647030855485
p02_s14,data/raw/p02_s14.png,resnet50,72.97830581665039,78.56570243835449,3.949007699263468,0.369092176919622,49.56771629416298
p02_s17,data/raw/p02_s17.png,resnet50,92.50075221061708,88.87027382850647,4.241909243028249,0.3964680841459928,53.63604662618874
p02_s25,data/raw/p02_s25.png,resnet50,79.7714114189148,83.7444019317627,8.131567896912458,0.7600132300073522,20.09754852456978
p02_s26,data/raw/p02_s26.png,resnet50,88.71592283248901,84.30022358894348,6.825530652280191,0.6379450634020212,30.52131210669037
p03_s00,data/raw/p03_s00.png,resnet50,80.9696614742279,82.46837139129639,2.518980193974875,0.2354353179876058,63.05240414886654
p03_s05,data/raw/p03_s05.png,resnet50,93.1723415851593,90.23268461227416,3.921011666849447,0.36647554070725635,57.16461272952365
p03_s13,data/raw/p03_s13.png,resnet50,93.78096461296082,92.36956357955933,2.8693382855811054,0.2681813748657594,67.59776702304293
p03_s19,data/raw/p03_s19.png,resnet50,88.10098171234131,87.42189526557922,0.4897535364171123,0.04577458761196889,83.4201940615406
p03_s25,data/raw/p03_s25.png,resnet50,76.2183666229248,80.08867740631104,5.558821161980189,0.5195526471535615,38.478393052834505
p03_s29,data/raw/p03_s29.png,resnet50,72.71244525909424,73.6836314201355,1.3716357575840357,0.12819930125786017,64.23744135793241
p04_s05,data/raw/p04_s05.png,resnet50,73.3733594417572,76.72980070114136,5.500113289993283,0.5140655430696655,37.28565403408193
p04_s09,data/raw/p04_s09.png,resnet50,84.38612818717957,83.38851809501648,1.8061977760384085,0.16881543918735178,69.31124878962385
p04_s10,data/raw/p04_s10.png,resnet50,82.51096606254578,84.33554172515869,3.431818239032326,0.3207533033863545,57.284638123936304
p04_s16,data/raw/p04_s16.png,resnet50,89.41746354103088,87.27035522460938,2.6843917175342638,0.2508954294808078,65.37462196958835
p04_s23,data/raw/p04_s23.png,resnet50,85.04466414451599,87.90002703666687,4.191349748737385,0.39174256441219973,53.4658450334213
p04_s27,data/raw/p04_s27.png,resnet50,99.74787831306458,99.64604496955872,0.2780428433552833,0.025987145669547143,97.05652868354055
p05_s01,data/raw/p05_s01.png,resnet50,74.96410012245178,74.78038668632507,0.619311989530981,0.05788370846961,70.45182058412912
p05_s07,data/raw/p05_s07.png,resnet50,69.23835873603821,70.38668155670166,1.611124843813787,0.1505830378612394,59.787641222921856
p05_s13,data/raw/p05_s13.png,resnet50,82.66862034797668,83.14723491668701,1.5293934841989798,0.14294405416200373,71.26183206533526
p05_s19,data/raw/p05_s19.png,resnet50,77.8810977935791,79.01360273361206,3.1334864296093365,0.2928698588934916,55.8729000503527
p05_s26,data/raw/p05_s26.png,resnet50,74.79796409606934,76.74526572227478,3.554567334862499,0.3322259908170029,51.24849377717787
p05_s29,data/raw/p05_s29.png,resnet50,100.0,99.05998826026917,0.8293658623182568,0.07751629647188536,91.38122484178466
p06_s06,data/raw/p06_s06.png,resnet50,89.02966380119324,88.73152375221252,1.6268602571721744,0.15205374098806804,75.239563622117
p06_s13,data/raw/p06_s13.png,resnet50,88.85350823402405,94.29159879684448,3.548624159773951,0.3316705147079906,63.017855691255726
p06_s21,data/raw/p06_s21.png,resnet50,87.07500100135803,84.43564772605896,2.984054299295103,0.27890325399431554,60.886270822143395
p06_s25,data/raw/p06_s25.png,resnet50,77.34753489494324,78.16913366317749,3.7495395462932617,0.3504489783207332,50.774840634700105
p06_s29,data/raw/p06_s29.png,resnet50,91.1378800868988,91.32145524024963,1.1837010565163302,0.11063407140309053,81.21819084056571
p07_s02,data/raw/p07_s02.png,resnet50,83.69576930999756,83.41731190681458,1.6688778003772005,0.15598089121703565,70.4058052526602
p07_s06,data/raw/p07_s06.png,resnet50,79.3538749217987,78.92409443855286,1.5886685819695558,0.1484841737412453,67.20511548756832
p07_s11,data/raw/p07_s11.png,resnet50,89.9117648601532,89.38435554504395,1.9203538076509927,0.17948497984797201,73.34120629131776
p07_s16,data/raw/p07_s16.png,resnet50,70.76511979103088,74.65062379837036,4.553682235232832,0.4256078025666472,42.87873584331649
p07_s19,data/raw/p07_s19.png,resnet50,77.14861035346985,78.41181874275208,1.146340607261651,0.10714219430478139,70.01060442322483
p07_s26,data/raw/p07_s26.png,resnet50,71.28040790557861,71.54289364814758,0.7339451014269968,0.06859783921811737,66.63520573247308
p08_s04,data/raw/p08_s04.png,resnet50,74.020916223526,75.02890348434448,2.801261058321502,0.2618185683276548,55.38494339087962
p08_s08,data/raw/p08_s08.png,resnet50,84.41913723945618,81.6462516784668,6.177477350820645,0.5773750615151514,34.5057420931305
p08_s12,data/raw/p08_s12.png,resnet50,77.14254260063171,81.62700176239014,8.786766587843067,0.8212510724140837,14.590739027080938
p08_s16,data/raw/p08_s16.png,resnet50,90.92921614646912,88.85605692863464,1.4698118731603769,0.13737528646202743,76.64943065417724
p08_s19,data/raw/p08_s19.png,resnet50,85.15217304229736,82.26657390594482,4.974527108116659,0.4649418738339998,44.0173988802116
p08_s26,data/raw/p08_s26.png,resnet50,80.86245656013489,81.04308605194092,2.184178362190002,0.20414321973385882,64.49868952812952
p08_s29,data/raw/p08_s29.png,resnet50,70.2851951122284,70.13180732727051,1.1350618101331522,0.10608802675125424,62.69166227542122
p09_s00,data/raw/p09_s00.png,resnet50,75.17881989479065,82.25937008857727,8.097005868284244,0.7567829059977219,20.00688494740168
p09_s04,data/raw/p09_s04.png,resnet50,66.27200841903687,66.18198275566101,0.7484556956248093,0.06995406518897754,61.552284019635714
p09_s08,data/raw/p09_s08.png,resnet50,86.85240149497986,88.42561364173889,2.164328872590393,0.20228799637523392,70.53817342990098
p09_s10,data/raw/p09_s10.png,resnet50,76.01936459541321,70.13279139995575,10.387199818760896,0.9708348236243279,2.0454352308979264
p09_s21,data/raw/p09_s21.png,resnet50,63.18368315696716,65.44488310813904,4.8194367923622,0.45044642925139217,35.96546919930306
p6_seed21,data/raw/p6_seed21.jpg,resnet50,81.38002753257751,80.49510478973389,2.483229222116356,0.23209386994922546,61.812684407116116
p6_seed25,data/raw/p6_seed25.jpg,resnet50,83.92437100410461,82.93898344039917,1.0676044787307686,0.0997831584925426,74.66306971055545
p6_seed28,data/raw/p6_seed28.jpg,resnet50,73.17327857017517,76.27076745033264,4.411544192294279,0.412322936168167,44.82258067141202
p7_seed0,data/raw/p7_seed0.jpg,resnet50,73.76520037651062,74.35551285743713,1.8127908447843053,0.16943165730626245,61.75733508414446
p7_seed11,data/raw/p7_seed11.jpg,resnet50,82.6327383518219,81.21562957763672,4.31929428703138,0.4037008414681585,48.42881157677852
p7_seed17,data/raw/p7_seed17.jpg,resnet50,70.66829800605774,69.49635624885559,1.620004546364203,0.1514129751503824,58.97370618710549
p7_seed20,data/raw/p7_seed20.jpg,resnet50,77.00956463813782,74.02090668678284,5.658292733850314,0.5288497115806602,34.87497153453877
p7_seed24,data/raw/p7_seed24.jpg,resnet50,65.39720892906189,67.56922602653503,4.14032813958445,0.3869738533267007,41.421702264743985
p7_seed28,data/raw/p7_seed28.jpg,resnet50,83.64284038543701,83.89879822731018,1.7771226132548976,0.16609794255444832,69.96338045896316
p7_seed3,data/raw/p7_seed3.jpg,resnet50,64.36707973480225,64.26908731460571,3.1582090315273605,0.2951805454395681,45.29810306617717
p7_seed7,data/raw/p7_seed7.jpg,resnet50,75.79067945480347,76.8165135383606,1.5267026732253426,0.14269255875972225,65.85536866657107
p8_seed13,data/raw/p8_seed13.jpg,resnet50,73.34979772567749,77.15594291687012,3.4685598468272736,0.32418734075404393,52.14296295927919
p8_seed16,data/raw/p8_seed16.jpg,resnet50,78.12537550926208,76.36008739471436,4.435216930852094,0.41453549772118253,44.70612056051344
p8_seed18,data/raw/p8_seed18.jpg,resnet50,57.32309222221375,56.17524385452271,2.7417829087932684,0.2562594706098608,41.77980560298288
p8_seed24,data/raw/p8_seed24.jpg,resnet50,72.38128185272217,73.08462619781494,1.7076949822167096,0.15960892115217643,61.41966785757161
p8_seed3,data/raw/p8_seed3.jpg,resnet50,81.88871145248413,81.00534558296204,1.5709958551034742,0.14683240050405347,69.1111362373553
p8_seed7,data/raw/p8_seed7.jpg,resnet50,85.15312075614929,81.34948372840881,6.6567078708231096,0.6221661202682204,30.73659105128198
p9_seed0,data/raw/p9_seed0.jpg,resnet50,77.35154032707214,78.32347512245178,1.315282722232744,0.12293229089023895,68.69499089516415
p9_seed10,data/raw/p9_seed10.jpg,resnet50,78.0544638633728,80.04958391189575,4.032029445210723,0.3768517659801992,49.8827568487177
p9_seed20,data/raw/p9_seed20.jpg,resnet50,74.77023005485535,74.76645112037659,4.1692462698358925,0.3896766729866727,45.631709196767545
p9_seed27,data/raw/p9_seed27.jpg,resnet50,73.48664402961731,73.0642306804657,1.161934294811869,0.10859965109454348,65.12948072107588
p9_seed28,data/raw/p9_seed28.jpg,resnet50,84.79599952697754,83.64741683006287,4.455435151519887,0.416425184358438,48.814525855496825
p9_seed3,data/raw/p9_seed3.jpg,resnet50,82.69171118736267,84.13765668869019,2.7932950024208965,0.2610740245997795,62.171500036579275
