image_id,image_path,model,raw_quality_score,tta_mean,tta_std
4_25,data/raw/4_25.png,resnet18,83.02236795425415,81.48343086242676,3.1918025997202855
4_27,data/raw/4_27.png,resnet18,89.06731605529785,89.44773554801941,1.342015107955454
4_28,data/raw/4_28.png,resnet18,91.83104038238525,89.5714282989502,5.1396746218987595
5_0,data/raw/5_0.png,resnet18,79.004567861557,81.2220549583435,4.56637649389306
5_11,data/raw/5_11.png,resnet18,82.45583772659302,81.8710196018219,1.3770246840671965
5_14,data/raw/5_14.png,resnet18,62.9132866859436,64.54402208328247,3.5747449658705204
5_18,data/raw/5_18.png,resnet18,89.71951603889465,88.01158666610718,2.4513941790549834
5_2,data/raw/5_2.png,resnet18,100.0,97.51846313476562,4.675881980127243
5_20,data/raw/5_20.png,resnet18,77.6341199874878,77.45337009429932,0.37542317515138673
5_22,data/raw/5_22.png,resnet18,86.08989715576172,84.0827751159668,2.139553463117119
5_24,data/raw/5_24.png,resnet18,93.14497709274292,91.3701057434082,3.4350745421433446
5_26,data/raw/5_26.png,resnet18,79.81473207473755,80.9137225151062,1.4411871010689605
5_27,data/raw/5_27.png,resnet18,81.94776773452759,81.44155859947205,0.5156036277410284
5_28,data/raw/5_28.png,resnet18,82.5059175491333,83.17839622497559,2.0920719846192704
5_29,data/raw/5_29.png,resnet18,91.80445075035095,89.00773048400879,5.331535877530256
5_4,data/raw/5_4.png,resnet18,86.03965044021606,85.98634481430054,0.9313315096037459
5_5,data/raw/5_5.png,resnet18,75.75774788856506,74.88145232200623,1.6430687677209976
5_6,data/raw/5_6.png,resnet18,88.3923590183258,85.56991457939148,5.893726775833609
5_7,data/raw/5_7.png,resnet18,86.66819334030151,84.75515246391296,3.7224301104529234
5_9,data/raw/5_9.png,resnet18,85.52412986755371,82.26473093032837,7.069332692132745
6_0,data/raw/6_0.png,resnet18,87.21416592597961,86.75375699996948,1.0532394668513765
6_1,data/raw/6_1.png,resnet18,94.62538957595825,94.3065333366394,0.3204968430305355
6_3,data/raw/6_3.png,resnet18,92.817223072052,92.20815658569336,1.4390990786642124
7_0,data/raw/7_0.png,resnet18,80.26183843612671,79.93221402168274,1.0440534030423292
7_10,data/raw/7_10.png,resnet18,75.98756551742554,75.7812774181366,2.3111663861850515
7_11,data/raw/7_11.png,resnet18,60.05294919013977,60.49947261810303,1.6336437298890298
7_12,data/raw/7_12.png,resnet18,79.10915613174438,79.62360382080078,1.6290484615373635
7_13,data/raw/7_13.png,resnet18,72.21425175666809,69.88320708274841,5.062437009866196
7_15,data/raw/7_15.png,resnet18,87.6956582069397,88.45060110092163,2.1688172463188153
7_19,data/raw/7_19.png,resnet18,100.0,98.9473819732666,2.105236053466797
7_2,data/raw/7_2.png,resnet18,71.78586721420288,73.63092422485352,3.4604946029715506
7_20,data/raw/7_20.png,resnet18,77.8138279914856,75.91688394546509,3.1764805798104
7_21,data/raw/7_21.png,resnet18,90.45908451080322,88.41093063354492,4.456649106028469
7_22,data/raw/7_22.png,resnet18,80.5715560913086,79.38313126564026,1.49294175807514
7_23,data/raw/7_23.png,resnet18,79.39977049827576,80.20344376564026,1.6581570340206717
7_25,data/raw/7_25.png,resnet18,67.18612909317017,69.30690884590149,5.501811045881371
7_28,data/raw/7_28.png,resnet18,74.86661076545715,73.57923626899719,2.1673508123028835
7_29,data/raw/7_29.png,resnet18,77.50219106674194,77.579345703125,1.7936494121989854
7_4,data/raw/7_4.png,resnet18,71.59065008163452,70.80984234809875,1.4315740577491731
7_5,data/raw/7_5.png,resnet18,85.08955240249634,84.6729588508606,0.35299455456711537
7_7,data/raw/7_7.png,resnet18,76.92924737930298,75.83693385124207,2.2283071811287147
7_9,data/raw/7_9.png,resnet18,91.96091890335083,92.40585923194885,0.24574970122293943
8_1,data/raw/8_1.png,resnet18,63.265371322631836,64.19965386390686,1.881032974428714
8_10,data/raw/8_10.png,resnet18,70.13158798217773,71.023930311203,1.778300941441833
8_12,data/raw/8_12.png,resnet18,77.67590284347534,77.08817481994629,1.6468605685445796
8_13,data/raw/8_13.png,resnet18,60.78164577484131,61.965248584747314,2.695520925682757
8_14,data/raw/8_14.png,resnet18,64.06192183494568,63.79242181777954,1.1065431333251559
8_17,data/raw/8_17.png,resnet18,44.042593240737915,46.51898503303528,3.896881073553011
8_18,data/raw/8_18.png,resnet18,66.53037071228027,66.81245923042297,1.1791017993365989
8_19,data/raw/8_19.png,resnet18,49.190154671669006,48.91135215759277,1.6224928312081361
8_2,data/raw/8_2.png,resnet18,72.36676812171936,74.08107399940491,3.514148623086409
8_20,data/raw/8_20.png,resnet18,65.02175331115723,63.269513845443726,2.827227294926313
8_21,data/raw/8_21.png,resnet18,65.94330668449402,67.1080732345581,3.1743156464375457
8_22,data/raw/8_22.png,resnet18,81.76250457763672,77.07541465759277,8.579053845024708
8_23,data/raw/8_23.png,resnet18,73.44968914985657,73.276526927948,2.56814529955887
8_26,data/raw/8_26.png,resnet18,68.05805563926697,66.61290049552917,2.8520321942897136
8_27,data/raw/8_27.png,resnet18,69.26341652870178,70.80729961395264,2.2428720317346653
8_28,data/raw/8_28.png,resnet18,75.70991516113281,71.20289325714111,8.954128400966734
8_29,data/raw/8_29.png,resnet18,70.49656510353088,71.5550434589386,2.3131846149757114
8_4,data/raw/8_4.png,resnet18,38.48070800304413,40.503366589546204,4.204436926535801
8_7,data/raw/8_7.png,resnet18,65.61071872711182,64.68703150749207,2.1543840139692856
8_9,data/raw/8_9.png,resnet18,94.44847106933594,93.47980260848999,1.385840364804059
p00_s01,data/raw/p00_s01.png,resnet18,90.16009569168091,86.90430402755737,5.272624996064168
p00_s02,data/raw/p00_s02.png,resnet18,91.68277382850647,91.17084622383118,1.1399940095985788
p00_s03,data/raw/p00_s03.png,resnet18,88.19817304611206,90.40958523750305,4.7979743599708895
p00_s04,data/raw/p00_s04.png,resnet18,97.86550998687744,94.37582492828369,7.01178346200598
p00_s07,data/raw/p00_s07.png,resnet18,100.0,99.09695386886597,1.8060922622680664
p00_s09,data/raw/p00_s09.png,resnet18,80.47443628311157,80.9571623802185,1.4705942178831426
p00_s11,data/raw/p00_s11.png,resnet18,70.525062084198,73.98865461349487,7.516766156138339
p00_s12,data/raw/p00_s12.png,resnet18,93.36914420127869,93.15024137496948,2.163782118394767
p00_s14,data/raw/p00_s14.png,resnet18,84.72319841384888,85.10444164276123,0.37541046409621487
p00_s16,data/raw/p00_s16.png,resnet18,82.25963115692139,81.35980725288391,1.6323344682520817
p00_s17,data/raw/p00_s17.png,resnet18,87.29122877120972,87.53116011619568,1.4252729691943324
p00_s19,data/raw/p00_s19.png,resnet18,88.91775608062744,87.33092427253723,3.5984894312814313
p00_s21,data/raw/p00_s21.png,resnet18,81.11687898635864,83.51421356201172,4.166002781144318
p00_s22,data/raw/p00_s22.png,resnet18,82.53742456436157,84.53312158584595,3.4004051562759257
p00_s23,data/raw/p00_s23.png,resnet18,83.99150371551514,85.77190637588501,3.07476227581581
p00_s24,data/raw/p00_s24.png,resnet18,86.75477504730225,85.09631752967834,2.9293228587473847
p00_s25,data/raw/p00_s25.png,resnet18,81.06998205184937,82.9281234741211,2.2909501293048598
p00_s27,data/raw/p00_s27.png,resnet18,85.29460430145264,84.46794629096985,1.6855209041913
p00_s28,data/raw/p00_s28.png,resnet18,81.91877007484436,81.54654741287231,0.36624415123704346
p00_s29,data/raw/p00_s29.png,resnet18,91.03049039840698,88.87710928916931,5.462017575829003
p01_s00,data/raw/p01_s00.png,resnet18,53.18255424499512,53.62566828727722,1.5688233346601925
p01_s04,data/raw/p01_s04.png,resnet18,79.02039289474487,79.23106074333191,0.6966376491891176
p01_s05,data/raw/p01_s05.png,resnet18,95.1604962348938,95.04975318908691,1.7489894609634995
p01_s06,data/raw/p01_s06.png,resnet18,93.27258467674255,92.1912169456482,2.446137051500057
p01_s08,data/raw/p01_s08.png,resnet18,84.98173952102661,83.96935105323792,1.4503917902091135
p01_s09,data/raw/p01_s09.png,resnet18,99.42100048065186,99.59828853607178,0.5607165855451531
p01_s10,data/raw/p01_s10.png,resnet18,89.82652425765991,89.71014499664307,0.993749402585408
p01_s11,data/raw/p01_s11.png,resnet18,88.74947428703308,87.90653347969055,1.05825516547091
p01_s13,data/raw/p01_s13.png,resnet18,80.35562038421631,79.35525178909302,2.6470610649491615
p01_s14,data/raw/p01_s14.png,resnet18,82.58464336395264,83.71956586837769,2.3543268735867784
p01_s15,data/raw/p01_s15.png,resnet18,61.18338108062744,62.60551929473877,2.351954271305865
p01_s17,data/raw/p01_s17.png,resnet18,99.31341409683228,98.82098197937012,0.8440143835275548
p01_s18,data/raw/p01_s18.png,resnet18,87.38410472869873,87.32954144477844,1.575095418878686
p01_s19,data/raw/p01_s19.png,resnet18,85.07933616638184,84.98984813690186,0.31127607796557766
p01_s20,data/raw/p01_s20.png,resnet18,85.29987931251526,84.32497382164001,1.4087876037925424
p01_s21,data/raw/p01_s21.png,resnet18,90.74609279632568,90.76509833335876,0.26525573616953235
p01_s22,data/raw/p01_s22.png,resnet18,99.41728115081787,99.13431167602539,0.5708190247459157
p01_s23,data/raw/p01_s23.png,resnet18,94.90829706192017,96.71808362007141,2.6582717573481496
p01_s24,data/raw/p01_s24.png,resnet18,96.09251618385315,95.74161767959595,0.9874720540810926
p01_s26,data/raw/p01_s26.png,resnet18,82.62208700180054,81.98633193969727,2.157162699630245
p01_s27,data/raw/p01_s27.png,resnet18,78.11881303787231,80.53487539291382,4.859330734460713
p01_s29,data/raw/p01_s29.png,resnet18,69.76592540740967,68.4792697429657,2.753525253901671
p02_s00,data/raw/p02_s00.png,resnet18,78.50106954574585,76.67565941810608,3.7902387592888354
p02_s01,data/raw/p02_s01.png,resnet18,82.66584277153015,84.8176658153534,4.881536278522287
p02_s02,data/raw/p02_s02.png,resnet18,83.15110206604004,81.18385791778564,3.334541863989597
p02_s03,data/raw/p02_s03.png,resnet18,83.78527164459229,83.48822951316833,0.9033419498029686
p02_s05,data/raw/p02_s05.png,resnet18,95.84096670150757,95.1584541797638,1.4254593285377435
p02_s07,data/raw/p02_s07.png,resnet18,94.98686790466309,93.4641981124878,2.4450842813333904
p02_s08,data/raw/p02_s08.png,resnet18,98.19985628128052,96.57102704048157,3.1463133484872783
p02_s09,data/raw/p02_s09.png,resnet18,85.02591252326965,84.31790471076965,2.398656023779486
p02_s10,data/raw/p02_s10.png,resnet18,94.75027322769165,91.77417516708374,5.758286298713902
p02_s11,data/raw/p02_s11.png,resnet18,100.0,98.26562881469727,3.4687423706054688
p02_s12,data/raw/p02_s12.png,resnet18,88.5124683380127,89.30505514144897,2.21481114417945
p02_s13,data/raw/p02_s13.png,resnet18,91.13469123840332,89.81220364570618,2.9174184401113665
p02_s15,data/raw/p02_s15.png,resnet18,82.63123631477356,80.39604425430298,2.982664258931722
p02_s16,data/raw/p02_s16.png,resnet18,84.3184232711792,83.87382745742798,0.7441021459720554
p02_s18,data/raw/p02_s18.png,resnet18,73.98867607116699,75.72291374206543,2.9849194376226325
p02_s20,data/raw/p02_s20.png,resnet18,87.78350949287415,86.03036999702454,3.8863005791279592
p02_s21,data/raw/p02_s21.png,resnet18,66.52388572692871,69.81668472290039,7.836230695373183
p02_s22,data/raw/p02_s22.png,resnet18,71.39521837234497,71.63242101669312,1.733939180422706
p02_s24,data/raw/p02_s24.png,resnet18,89.28390741348267,87.36169576644897,3.851815757943864
p02_s28,data/raw/p02_s28.png,resnet18,88.74942064285278,89.97279524803162,3.306789978565135
p02_s29,data/raw/p02_s29.png,resnet18,88.52578997612,85.43670415878296,5.301460075585094
p03_s01,data/raw/p03_s01.png,resnet18,100.0,100.0,0.0
p03_s02,data/raw/p03_s02.png,resnet18,100.0,97.19712972640991,5.311071291290901
p03_s03,data/raw/p03_s03.png,resnet18,77.99675464630127,80.46725869178772,4.625284262204795
p03_s04,data/raw/p03_s04.png,resnet18,88.14021348953247,87.08485722541809,0.8596602320737429
p03_s07,data/raw/p03_s07.png,resnet18,100.0,99.62877750396729,0.6371487930950915
p03_s08,data/raw/p03_s08.png,resnet18,84.96296405792236,83.86123061180115,1.5056045724349216
p03_s09,data/raw/p03_s09.png,resnet18,77.22589373588562,76.9343113899231,1.7014565147808371
p03_s10,data/raw/p03_s10.png,resnet18,78.57980132102966,79.9537181854248,2.158693195097811
p03_s11,data/raw/p03_s11.png,resnet18,85.43272018432617,85.88636875152588,1.2541860344120528
p03_s12,data/raw/p03_s12.png,resnet18,97.04748392105103,97.49962091445923,0.8284038220708756
p03_s14,data/raw/p03_s14.png,resnet18,94.66515183448792,95.84843397140503,2.1503205392725007
p03_s15,data/raw/p03_s15.png,resnet18,74.12794828414917,75.43360114097595,2.2677685685882008
p03_s16,data/raw/p03_s16.png,resnet18,88.42633962631226,86.29558205604553,4.0781871656515145
p03_s17,data/raw/p03_s17.png,resnet18,98.93300533294678,98.24677228927612,1.1445318871913388
p03_s18,data/raw/p03_s18.png,resnet18,95.11978030204773,93.86332631111145,2.060020819002755
p03_s20,data/raw/p03_s20.png,resnet18,81.66767358779907,83.07681798934937,3.0550822262169812
p03_s21,data/raw/p03_s21.png,resnet18,82.5468361377716,85.66879630088806,6.6656866173732645
p03_s22,data/raw/p03_s22.png,resnet18,94.02672052383423,92.54345297813416,2.8638341079057157
p03_s23,data/raw/p03_s23.png,resnet18,92.92199611663818,92.95440435409546,0.7826089864946556
p03_s24,data/raw/p03_s24.png,resnet18,88.88003826141357,89.15331602096558,1.7303336434818637
p03_s26,data/raw/p03_s26.png,resnet18,84.88541841506958,84.35814619064331,1.756196437355349
p03_s27,data/raw/p03_s27.png,resnet18,87.20167875289917,85.88038563728333,2.480224239986303
p03_s28,data/raw/p03_s28.png,resnet18,91.16897583007812,91.46358132362366,0.3659885111306145
p04_s00,data/raw/p04_s00.png,resnet18,100.0,99.67000722885132,0.6599855422973633
p04_s01,data/raw/p04_s01.png,resnet18,93.55441331863403,91.65994048118591,4.008614087311935
p04_s02,data/raw/p04_s02.png,resnet18,73.3679711818695,73.33787083625793,1.7820058417600626
p04_s06,data/raw/p04_s06.png,resnet18,100.0,99.92048025131226,0.15903949737548828
p04_s11,data/raw/p04_s11.png,resnet18,86.65167093276978,85.00236511230469,2.9104850378479057
p04_s12,data/raw/p04_s12.png,resnet18,90.18394947052002,88.29830884933472,4.1061624049375975
p04_s13,data/raw/p04_s13.png,resnet18,88.48193883895874,88.77857089042664,0.8743596995902662
p04_s14,data/raw/p04_s14.png,resnet18,82.2689414024353,82.44551181793213,0.6774625749625609
p04_s15,data/raw/p04_s15.png,resnet18,71.72685861587524,72.54132032394409,1.529678748156322
p04_s17,data/raw/p04_s17.png,resnet18,93.8055157661438,92.56768226623535,1.608556375746714
p04_s18,data/raw/p04_s18.png,resnet18,93.31105351448059,93.14381122589111,2.06104413037674
p04_s20,data/raw/p04_s20.png,resnet18,99.24767017364502,96.67237043380737,5.606579578790132
p04_s21,data/raw/p04_s21.png,resnet18,92.63139963150024,92.79682159423828,0.6451586753759775
p04_s22,data/raw/p04_s22.png,resnet18,86.63698434829712,89.56839323043823,5.136269299398389
p04_s24,data/raw/p04_s24.png,resnet18,77.8762936592102,79.16666388511658,1.5086420451590186
p04_s25,data/raw/p04_s25.png,resnet18,82.75715112686157,82.84168243408203,0.959228623466471
p04_s26,data/raw/p04_s26.png,resnet18,80.58338165283203,79.58003878593445,3.786072855697715
p04_s28,data/raw/p04_s28.png,resnet18,92.35396385192871,88.70092630386353,6.351658593903777
p05_s00,data/raw/p05_s00.png,resnet18,89.15022015571594,90.84824442863464,3.026640358642913
p05_s04,data/raw/p05_s04.png,resnet18,82.15165138244629,82.0052421092987,0.5289832394978113
p05_s05,data/raw/p05_s05.png,resnet18,66.72730445861816,68.05877208709717,3.743719398028233
p05_s06,data/raw/p05_s06.png,resnet18,74.76305961608887,77.15184092521667,5.019377770352713
p05_s08,data/raw/p05_s08.png,resnet18,90.07444977760315,90.25793671607971,0.9505039083620231
p05_s09,data/raw/p05_s09.png,resnet18,86.51328086853027,86.89873695373535,0.7232120000514416
p05_s10,data/raw/p05_s10.png,resnet18,88.02023530006409,87.1740734577179,1.5058749267860283
p05_s11,data/raw/p05_s11.png,resnet18,87.66300678253174,87.71168231964111,0.9679562595664093
p05_s12,data/raw/p05_s12.png,resnet18,81.01487159729004,81.25685453414917,0.7186566089706142
p05_s14,data/raw/p05_s14.png,resnet18,90.81236124038696,88.55538725852966,4.1569068656787955
p05_s15,data/raw/p05_s15.png,resnet18,80.64697980880737,80.01979351043701,1.4084114695818175
p05_s16,data/raw/p05_s16.png,resnet18,78.08067202568054,79.68275904655457,3.2968133694416655
p05_s17,data/raw/p05_s17.png,resnet18,85.62542200088501,86.70063495635986,1.4354313116731778
p05_s18,data/raw/p05_s18.png,resnet18,73.75003099441528,76.51384234428406,6.187817939212776
p05_s21,data/raw/p05_s21.png,resnet18,82.59860277175903,84.3238365650177,4.1163630909652325
p05_s22,data/raw/p05_s22.png,resnet18,82.7327013015747,82.62784838676453,0.5380310455670015
p05_s24,data/raw/p05_s24.png,resnet18,86.56343221664429,87.32861876487732,0.9329437726594473
p05_s25,data/raw/p05_s25.png,resnet18,91.39750003814697,92.04669237136841,1.3236246835759582
p05_s27,data/raw/p05_s27.png,resnet18,78.79553437232971,78.04127335548401,0.7417646278171419
p05_s28,data/raw/p05_s28.png,resnet18,76.65971517562866,76.09426856040955,1.2636205170801502
p06_s00,data/raw/p06_s00.png,resnet18,75.61362981796265,74.28264617919922,2.03312726546233
p06_s01,data/raw/p06_s01.png,resnet18,84.40731167793274,83.82726073265076,0.7377328952996827
p06_s02,data/raw/p06_s02.png,resnet18,78.72095108032227,77.57367372512817,2.631359831044484
p06_s03,data/raw/p06_s03.png,resnet18,82.94752240180969,82.81431198120117,0.980289055362877
p06_s04,data/raw/p06_s04.png,resnet18,94.25081610679626,95.39861798286438,2.3267201451128763
p06_s05,data/raw/p06_s05.png,resnet18,76.79403424263,76.32680058479309,1.0407190127239219
p06_s07,data/raw/p06_s07.png,resnet18,78.7014901638031,78.61052513122559,0.43732288842832123
p06_s08,data/raw/p06_s08.png,resnet18,70.88853120803833,71.6664183139801,1.5366119755208676
p06_s09,data/raw/p06_s09.png,resnet18,85.38767099380493,83.78540754318237,3.1235461180469137
p06_s10,data/raw/p06_s10.png,resnet18,85.87647676467896,86.55503749847412,2.265122975634465
p06_s15,data/raw/p06_s15.png,resnet18,98.25941324234009,99.16314363479614,0.812323101206175
p06_s16,data/raw/p06_s16.png,resnet18,83.5025429725647,81.61660194396973,3.284963945416661
p06_s17,data/raw/p06_s17.png,resnet18,92.97610521316528,94.34017658233643,2.5675010456540677
p06_s18,data/raw/p06_s18.png,resnet18,89.87759351730347,90.57873368263245,1.8297600641104934
p06_s19,data/raw/p06_s19.png,resnet18,75.43148994445801,77.98203349113464,5.1475123086052585
p06_s20,data/raw/p06_s20.png,resnet18,87.71448135375977,89.96710777282715,4.169631387356722
p06_s23,data/raw/p06_s23.png,resnet18,80.68562746047974,81.49873733520508,2.1357570665725087
p06_s24,data/raw/p06_s24.png,resnet18,97.45845794677734,97.78358936309814,1.160746468389088
p06_s26,data/raw/p06_s26.png,resnet18,84.96936559677124,87.16814756393433,4.799571813332466
p06_s27,data/raw/p06_s27.png,resnet18,99.09844398498535,98.16127300262451,2.1648271471704357
p06_s28,data/raw/p06_s28.png,resnet18,76.20660066604614,80.06089210510254,6.975332581034127
p07_s00,data/raw/p07_s00.png,resnet18,95.81658840179443,95.23382186889648,1.3233079319696235
p07_s01,data/raw/p07_s01.png,resnet18,85.29278039932251,85.02761244773865,0.9048220962737179
p07_s03,data/raw/p07_s03.png,resnet18,70.18462419509888,69.78155732154846,1.5160534358316073
p07_s04,data/raw/p07_s04.png,resnet18,89.01939392089844,87.35360383987427,2.5422652590640173
p07_s05,data/raw/p07_s05.png,resnet18,83.0284059047699,84.16164755821228,1.4476797066947538
p07_s07,data/raw/p07_s07.png,resnet18,96.21833562850952,96.1142110824585,0.8532554179833364
p07_s08,data/raw/p07_s08.png,resnet18,81.6980242729187,84.11885499954224,4.401247057307256
p07_s09,data/raw/p07_s09.png,resnet18,74.07023906707764,73.76171827316284,1.2072507377268051
p07_s10,data/raw/p07_s10.png,resnet18,83.35362672805786,85.12546420097351,2.7969244236482007
p07_s12,data/raw/p07_s12.png,resnet18,90.11560678482056,92.26051092147827,3.0141023245447287
p07_s13,data/raw/p07_s13.png,resnet18,73.06621074676514,73.75820398330688,1.4130350418403117
p07_s14,data/raw/p07_s14.png,resnet18,82.83891081809998,82.80416011810303,0.2965519449442567
p07_s17,data/raw/p07_s17.png,resnet18,74.83619451522827,79.9647331237793,10.06655438221307
p07_s18,data/raw/p07_s18.png,resnet18,98.22413921356201,98.8725233078003,0.9291603889100027
p07_s20,data/raw/p07_s20.png,resnet18,100.0,100.0,0.0
p07_s21,data/raw/p07_s21.png,resnet18,64.04780745506287,64.9303662776947,1.540693992757006
p07_s22,data/raw/p07_s22.png,resnet18,84.06153917312622,84.6183693408966,1.0533663967460676
p07_s23,data/raw/p07_s23.png,resnet18,99.4797945022583,99.2481279373169,0.8171793786597167
p07_s25,data/raw/p07_s25.png,resnet18,75.88464617729187,79.48529243469238,6.657989240434673
p07_s27,data/raw/p07_s27.png,resnet18,88.90666365623474,90.0699770450592,2.431921542801283
p07_s28,data/raw/p07_s28.png,resnet18,71.01647853851318,71.15756034851074,1.0067715179869186
p07_s29,data/raw/p07_s29.png,resnet18,83.16913843154907,82.15473532676697,1.046913452394672
p08_s01,data/raw/p08_s01.png,resnet18,97.21410274505615,97.34735012054443,0.5081503502027962
p08_s03,data/raw/p08_s03.png,resnet18,65.76501131057739,70.99012732505798,10.019490951689871
p08_s06,data/raw/p08_s06.png,resnet18,94.34655904769897,92.6579213142395,3.181790016955627
p08_s07,data/raw/p08_s07.png,resnet18,95.01579999923706,92.34107375144958,5.866569865876355
p08_s09,data/raw/p08_s09.png,resnet18,87.82792687416077,85.42663931846619,4.039326151590208
p08_s10,data/raw/p08_s10.png,resnet18,78.53617072105408,79.20050978660583,2.0447728287076252
p08_s11,data/raw/p08_s11.png,resnet18,82.96579122543335,84.85375881195068,2.458525798240482
p08_s13,data/raw/p08_s13.png,resnet18,82.52865076065063,82.20633387565613,1.3309786940975636
p08_s17,data/raw/p08_s17.png,resnet18,97.55367040634155,97.70230770111084,1.5291312867928673
p08_s18,data/raw/p08_s18.png,resnet18,82.55906105041504,85.55927753448486,5.0834411567785684
p08_s20,data/raw/p08_s20.png,resnet18,98.08765649795532,96.13814353942871,3.352697533099168
p08_s22,data/raw/p08_s22.png,resnet18,93.37489008903503,93.96854043006897,0.678396552681651
p08_s23,data/raw/p08_s23.png,resnet18,89.28457498550415,90.69274067878723,2.380934989110546
p08_s24,data/raw/p08_s24.png,resnet18,91.64765477180481,91.71255826950073,0.6123554266327514
p08_s25,data/raw/p08_s25.png,resnet18,75.84902048110962,76.59278154373169,2.252692261108852
p08_s27,data/raw/p08_s27.png,resnet18,89.02701139450073,90.79200387001038,3.629678028207849
p08_s28,data/raw/p08_s28.png,resnet18,84.2822253704071,82.82626748085022,2.22272096918133
p09_s05,data/raw/p09_s05.png,resnet18,97.99211025238037,96.35257005691528,3.7865954932661725
p09_s06,data/raw/p09_s06.png,resnet18,97.32379913330078,93.91029119491577,6.0416662419336715
p09_s07,data/raw/p09_s07.png,resnet18,74.62666034698486,76.73933625221252,3.5841378669303974
p09_s11,data/raw/p09_s11.png,resnet18,96.6842532157898,94.43068981170654,2.89469567595932
p09_s12,data/raw/p09_s12.png,resnet18,100.0,100.0,0.0
p09_s15,data/raw/p09_s15.png,resnet18,73.26390743255615,75.21074771881104,2.4735679359040854
p09_s16,data/raw/p09_s16.png,resnet18,73.75597357749939,73.95661950111389,0.7927252852940453
p09_s17,data/raw/p09_s17.png,resnet18,76.98209285736084,78.65078926086426,2.628886478543048
p09_s18,data/raw/p09_s18.png,resnet18,79.49256896972656,80.46138525009155,1.5277628636041012
p09_s22,data/raw/p09_s22.png,resnet18,79.49278354644775,81.28897666931152,4.5424011164845215
p09_s23,data/raw/p09_s23.png,resnet18,88.16370964050293,87.86505699157715,0.657525137159231
p09_s24,data/raw/p09_s24.png,resnet18,90.7853364944458,90.27667284011841,2.3387770718197713
p09_s25,data/raw/p09_s25.png,resnet18,69.45512294769287,71.69768571853638,4.944896292271233
p09_s27,data/raw/p09_s27.png,resnet18,82.18384981155396,83.59884858131409,2.537472277924714
p6_seed22,data/raw/p6_seed22.jpg,resnet18,86.37614250183105,87.40772008895874,2.289852856588431
p6_seed23,data/raw/p6_seed23.jpg,resnet18,83.00375938415527,84.54039335250854,3.023602159073688
p6_seed26,data/raw/p6_seed26.jpg,resnet18,86.96486949920654,84.10442590713501,4.9985580976647075
p6_seed27,data/raw/p6_seed27.jpg,resnet18,80.58673143386841,80.4928457736969,0.2782207108211818
p6_seed29,data/raw/p6_seed29.jpg,resnet18,89.47063684463501,88.83806347846985,0.8509516904662808
p7_seed10,data/raw/p7_seed10.jpg,resnet18,65.55216312408447,69.5751440525055,8.30808191695009
p7_seed13,data/raw/p7_seed13.jpg,resnet18,81.52494430541992,84.16195511817932,5.528459139678683
p7_seed14,data/raw/p7_seed14.jpg,resnet18,92.26824045181274,94.03022170066833,3.0636266960777445
p7_seed15,data/raw/p7_seed15.jpg,resnet18,66.0348117351532,66.65587306022644,1.9786521781656403
p7_seed16,data/raw/p7_seed16.jpg,resnet18,93.56253147125244,90.84197759628296,4.9667644604762415
p7_seed2,data/raw/p7_seed2.jpg,resnet18,92.94255375862122,92.50789523124695,0.7574243909038471
p7_seed21,data/raw/p7_seed21.jpg,resnet18,77.75259017944336,77.27701425552368,0.7453252835146763
p7_seed22,data/raw/p7_seed22.jpg,resnet18,79.05147671699524,81.02839708328247,2.9587158056597165
p7_seed23,data/raw/p7_seed23.jpg,resnet18,82.60962963104248,81.29150867462158,2.8787543354186225
p7_seed25,data/raw/p7_seed25.jpg,resnet18,75.00593662261963,73.88287782669067,1.9314920565799727
p7_seed26,data/raw/p7_seed26.jpg,resnet18,77.47366428375244,77.14106559753418,1.5663943975897476
p7_seed27,data/raw/p7_seed27.jpg,resnet18,87.24005818367004,86.63229584693909,1.2879166358741634
p7_seed29,data/raw/p7_seed29.jpg,resnet18,94.26577091217041,93.80831480026245,1.2696819707626517
p7_seed4,data/raw/p7_seed4.jpg,resnet18,91.19818210601807,90.93011736869812,1.801990173304046
p7_seed6,data/raw/p7_seed6.jpg,resnet18,93.42185258865356,92.74944186210632,1.9005432534310394
p7_seed9,data/raw/p7_seed9.jpg,resnet18,92.15402603149414,91.28198623657227,0.6841775235591642
p8_seed0,data/raw/p8_seed0.jpg,resnet18,73.17651510238647,72.07841396331787,2.566313792978235
p8_seed1,data/raw/p8_seed1.jpg,resnet18,82.03667998313904,84.03647780418396,4.918240310211362
p8_seed10,data/raw/p8_seed10.jpg,resnet18,72.621750831604,73.76121640205383,3.2249916219891577
p8_seed14,data/raw/p8_seed14.jpg,resnet18,71.98319435119629,71.58967137336731,0.5614627454753195
p8_seed15,data/raw/p8_seed15.jpg,resnet18,69.1923201084137,68.70703458786011,0.8747529615883415
p8_seed17,data/raw/p8_seed17.jpg,resnet18,76.15463137626648,77.0561957359314,1.055250904186069
p8_seed19,data/raw/p8_seed19.jpg,resnet18,78.0826210975647,78.28319311141968,0.9844196441863446
p8_seed2,data/raw/p8_seed2.jpg,resnet18,91.38681292533875,86.25120878219604,9.573165976108706
p8_seed20,data/raw/p8_seed20.jpg,resnet18,95.15541195869446,93.81529211997986,2.1385706247194336
p8_seed21,data/raw/p8_seed21.jpg,resnet18,73.83060455322266,74.10902380943298,0.8014408084040372
p8_seed23,data/raw/p8_seed23.jpg,resnet18,75.68718791007996,75.11520028114319,1.2783473041113405
p8_seed25,data/raw/p8_seed25.jpg,resnet18,61.584240198135376,62.71460294723511,2.248909223699321
p8_seed26,data/raw/p8_seed26.jpg,resnet18,76.25263929367065,75.6072723865509,2.32375102232082
p8_seed27,data/raw/p8_seed27.jpg,resnet18,73.6627995967865,79.01764154434204,10.510285476803807
p8_seed28,data/raw/p8_seed28.jpg,resnet18,76.72336101531982,77.82755970954895,1.5476840639685565
p8_seed29,data/raw/p8_seed29.jpg,resnet18,65.4374361038208,64.05496954917908,2.841399983935127
p8_seed5,data/raw/p8_seed5.jpg,resnet18,82.1101427078247,83.08135509490967,1.833284344433083
p8_seed8,data/raw/p8_seed8.jpg,resnet18,91.60616397857666,90.38668394088745,2.5016119113548494
p8_seed9,data/raw/p8_seed9.jpg,resnet18,83.86334776878357,85.39145588874817,2.556593503470618
p9_seed1,data/raw/p9_seed1.jpg,resnet18,95.84060907363892,96.14132046699524,0.579415974039137
p9_seed11,data/raw/p9_seed11.jpg,resnet18,75.50452947616577,75.75364232063293,1.2878796661528948
p9_seed12,data/raw/p9_seed12.jpg,resnet18,86.14004254341125,87.72815108299255,2.6295968937268603
p9_seed14,data/raw/p9_seed14.jpg,resnet18,75.84198713302612,79.93382573127747,8.373379703575209
p9_seed15,data/raw/p9_seed15.jpg,resnet18,75.86450576782227,76.95593237876892,2.506769297304667
p9_seed16,data/raw/p9_seed16.jpg,resnet18,71.77414894104004,73.37012648582458,2.4991342358284685
p9_seed17,data/raw/p9_seed17.jpg,resnet18,89.64835405349731,91.84929609298706,3.8984197661400475
p9_seed18,data/raw/p9_seed18.jpg,resnet18,72.94872403144836,74.30821299552917,1.8701052153282187
p9_seed19,data/raw/p9_seed19.jpg,resnet18,79.23235297203064,79.58423256874084,0.8519517643671449
p9_seed2,data/raw/p9_seed2.jpg,resnet18,84.82015132904053,85.75316667556763,1.2480102639771231
p9_seed21,data/raw/p9_seed21.jpg,resnet18,100.0,100.0,0.0
p9_seed22,data/raw/p9_seed22.jpg,resnet18,73.20451140403748,75.8960747718811,4.961687029705988
p9_seed25,data/raw/p9_seed25.jpg,resnet18,86.28433346748352,87.09957480430603,2.5369280054367285
p9_seed29,data/raw/p9_seed29.jpg,resnet18,93.16092729568481,92.86901712417603,1.3634755806704189
p9_seed4,data/raw/p9_seed4.jpg,resnet18,62.10993528366089,63.604289293289185,2.6215255100105708
p9_seed5,data/raw/p9_seed5.jpg,resnet18,93.1464433670044,93.20273518562317,0.8561455894352475
p9_seed6,data/raw/p9_seed6.jpg,resnet18,73.5249400138855,72.7607786655426,2.2252885507613267
p9_seed7,data/raw/p9_seed7.jpg,resnet18,75.66173076629639,75.26409864425659,0.8790542799043282
p9_seed8,data/raw/p9_seed8.jpg,resnet18,78.97375822067261,80.04065990447998,4.008486724102757
p9_seed9,data/raw/p9_seed9.jpg,resnet18,72.08782434463501,72.61144280433655,1.3826677788260235
5_1,data/raw/5_1.png,resnet18,91.69092178344727,88.69031429290771,6.057326988086333
5_12,data/raw/5_12.png,resnet18,99.85973834991455,97.27615594863892,4.622556065786624
5_15,data/raw/5_15.png,resnet18,93.35319995880127,92.37098217010498,3.04964843840001
5_17,data/raw/5_17.png,resnet18,80.71160316467285,82.60322451591492,4.7223055645165255
5_23,data/raw/5_23.png,resnet18,82.36369490623474,82.90528297424316,0.8083671083090123
7_16,data/raw/7_16.png,resnet18,69.12307739257812,72.03734159469604,4.68087012356598
7_17,data/raw/7_17.png,resnet18,73.10248017311096,73.42466235160828,0.17526895276028803
7_24,data/raw/7_24.png,resnet18,84.26153659820557,81.50184273719788,4.920187338631039
7_26,data/raw/7_26.png,resnet18,70.7302451133728,71.75884008407593,2.098428649385936
8_0,data/raw/8_0.png,resnet18,86.24979257583618,83.32020878791809,5.785921437609787
8_15,data/raw/8_15.png,resnet18,78.04986834526062,77.84694910049438,1.66797391348227
8_16,data/raw/8_16.png,resnet18,64.46481943130493,66.35135054588318,4.580780896625843
8_24,data/raw/8_24.png,resnet18,72.69454598426819,72.49154329299927,0.32056200687476716
8_5,data/raw/8_5.png,resnet18,70.10852694511414,74.12809729576111,8.138532684501921
8_6,data/raw/8_6.png,resnet18,73.2029676437378,74.05429244041443,2.471367241947519
8_8,data/raw/8_8.png,resnet18,73.10305833816528,72.30183601379395,2.3591505573676663
p00_s05,data/raw/p00_s05.png,resnet18,82.43436217308044,85.04445791244507,4.4906760274688535
p00_s06,data/raw/p00_s06.png,resnet18,100.0,99.85427379608154,0.29145240783691406
p00_s10,data/raw/p00_s10.png,resnet18,76.47736072540283,78.57833862304688,4.412609769643888
p00_s13,data/raw/p00_s13.png,resnet18,89.88204598426819,92.16068625450134,3.7636382459354594
p00_s18,data/raw/p00_s18.png,resnet18,92.29275584220886,92.6166307926178,1.5089453147200038
p01_s01,data/raw/p01_s01.png,resnet18,90.93345403671265,89.91549134254456,1.4750537303635851
p01_s03,data/raw/p01_s03.png,resnet18,86.15053296089172,86.4073383808136,1.1795719066026809
p01_s07,data/raw/p01_s07.png,resnet18,94.04581785202026,90.25798916816711,6.305176668269347
p01_s12,data/raw/p01_s12.png,resnet18,85.82468032836914,88.9528226852417,5.385054449410291
p02_s06,data/raw/p02_s06.png,resnet18,79.66516017913818,80.2422821521759,0.7078577694462451
p02_s19,data/raw/p02_s19.png,resnet18,95.20660042762756,94.08837914466858,1.8807562405555491
p02_s23,data/raw/p02_s23.png,resnet18,77.25499868392944,78.4330403804779,3.5924562538193663
p02_s27,data/raw/p02_s27.png,resnet18,92.4403429031372,91.77121043205261,1.0511048762769493
p03_s06,data/raw/p03_s06.png,resnet18,90.94884991645813,90.63754200935364,1.6111831532134782
p04_s03,data/raw/p04_s03.png,resnet18,78.79162430763245,79.35713648796082,0.8510043465499088
p04_s04,data/raw/p04_s04.png,resnet18,82.2130560874939,82.9500675201416,1.9207643402833188
p04_s07,data/raw/p04_s07.png,resnet18,91.75698757171631,90.76456189155579,3.8210244435090566
p04_s08,data/raw/p04_s08.png,resnet18,77.11360454559326,78.25516104698181,2.4836973625511596
p04_s19,data/raw/p04_s19.png,resnet18,87.02061772346497,88.06411743164062,2.4084485397469924
p04_s29,data/raw/p04_s29.png,resnet18,67.5148069858551,67.75093197822571,1.1726805020455882
p05_s02,data/raw/p05_s02.png,resnet18,78.91740798950195,78.3644449710846,1.2855451762439472
p05_s03,data/raw/p05_s03.png,resnet18,86.28329038619995,86.96361660957336,2.0450153482033713
p05_s20,data/raw/p05_s20.png,resnet18,80.82822561264038,80.94752073287964,0.9924507790348889
p05_s23,data/raw/p05_s23.png,resnet18,90.21602869033813,89.5637583732605,1.9405749746968588
p06_s11,data/raw/p06_s11.png,resnet18,87.59610652923584,88.51873755455017,1.867509141848758
p06_s12,data/raw/p06_s12.png,resnet18,83.59917402267456,86.18773341178894,5.932456830346516
p06_s14,data/raw/p06_s14.png,resnet18,89.16550874710083,86.4357042312622,4.537703251920437
p06_s22,data/raw/p06_s22.png,resnet18,92.88488626480103,93.13659310340881,2.013206735675435
p07_s15,data/raw/p07_s15.png,resnet18,83.37911367416382,82.36401081085205,2.7990072609777155
p07_s24,data/raw/p07_s24.png,resnet18,91.91102981567383,92.67779350280762,2.0383743169176984
p08_s00,data/raw/p08_s00.png,resnet18,93.65678429603577,92.48032808303833,2.6363474132069045
p08_s02,data/raw/p08_s02.png,resnet18,86.85382604598999,89.557204246521,5.226788388989809
p08_s05,data/raw/p08_s05.png,resnet18,91.24959111213684,91.8381917476654,1.18498604505949
p08_s14,data/raw/p08_s14.png,resnet18,84.02407169342041,85.66630363464355,2.6985898442553227
p08_s15,data/raw/p08_s15.png,resnet18,90.98572731018066,87.83323049545288,5.957587831205628
p08_s21,data/raw/p08_s21.png,resnet18,83.59028100967407,83.84973406791687,1.6148714779048974
p09_s01,data/raw/p09_s01.png,resnet18,80.86094856262207,80.31589388847351,0.847516403030456
p09_s02,data/raw/p09_s02.png,resnet18,96.83939218521118,94.31617975234985,3.8828967537980152
p09_s03,data/raw/p09_s03.png,resnet18,86.46425008773804,83.48635911941528,6.507752132926601
p09_s09,data/raw/p09_s09.png,resnet18,85.45100688934326,84.69604849815369,2.6176256639027002
p09_s13,data/raw/p09_s13.png,resnet18,81.41711354255676,83.35311889648438,2.733935988433198
p09_s14,data/raw/p09_s14.png,resnet18,84.59573984146118,87.19111800193787,5.223730597403146
p09_s19,data/raw/p09_s19.png,resnet18,81.5609872341156,81.77569031715393,0.5007214347064908
p09_s20,data/raw/p09_s20.png,resnet18,76.26745700836182,76.55788779258728,0.5308393860568364
p09_s26,data/raw/p09_s26.png,resnet18,85.93947887420654,83.07220935821533,6.096149648140142
p09_s28,data/raw/p09_s28.png,resnet18,75.28443932533264,76.88235998153687,2.793790680193405
p09_s29,data/raw/p09_s29.png,resnet18,98.63475561141968,93.99434447288513,9.172087097587948
p6_seed20,data/raw/p6_seed20.jpg,resnet18,81.51806592941284,80.02439975738525,3.069205641683623
p6_seed24,data/raw/p6_seed24.jpg,resnet18,100.0,95.97293376922607,8.054132461547852
p7_seed1,data/raw/p7_seed1.jpg,resnet18,78.0264139175415,81.01210117340088,7.3148051754736585
p7_seed12,data/raw/p7_seed12.jpg,resnet18,79.77283596992493,81.00889444351196,2.832200784109929
p7_seed18,data/raw/p7_seed18.jpg,resnet18,84.94709730148315,84.3293309211731,1.7492015366784055
p7_seed19,data/raw/p7_seed19.jpg,resnet18,80.33195734024048,79.20821189880371,2.126793601104842
p7_seed5,data/raw/p7_seed5.jpg,resnet18,75.33495426177979,77.17114210128784,2.9960563479086364
p7_seed8,data/raw/p7_seed8.jpg,resnet18,79.85459566116333,83.1031847000122,6.74632726305055
p8_seed11,data/raw/p8_seed11.jpg,resnet18,75.68463087081909,77.8630805015564,4.991763647735202
p8_seed12,data/raw/p8_seed12.jpg,resnet18,87.60327696800232,87.76103377342224,1.265892687565873
p8_seed22,data/raw/p8_seed22.jpg,resnet18,83.81325006484985,85.54354548454285,4.225675287800042
p8_seed4,data/raw/p8_seed4.jpg,resnet18,83.12191963195801,81.59318327903748,2.2959528408831895
p8_seed6,data/raw/p8_seed6.jpg,resnet18,88.3626401424408,87.109454870224,3.077181638528103
p9_seed13,data/raw/p9_seed13.jpg,resnet18,89.00029063224792,86.92116498947144,4.898197621918767
p9_seed23,data/raw/p9_seed23.jpg,resnet18,77.29737758636475,76.94423317909241,0.8404785458443637
p9_seed24,data/raw/p9_seed24.jpg,resnet18,67.12304353713989,69.13960576057434,4.0255153433538675
p9_seed26,data/raw/p9_seed26.jpg,resnet18,80.29433488845825,78.73089075088501,3.180994257401552
4_24,data/raw/4_24.png,resnet18,80.86831569671631,79.91348147392273,1.4826088859268085
4_26,data/raw/4_26.png,resnet18,83.430016040802,83.77839803695679,1.5192397696450552
4_29,data/raw/4_29.png,resnet18,77.13839411735535,75.24309396743774,4.255595700905172
5_10,data/raw/5_10.png,resnet18,81.89010620117188,79.45166110992432,4.141227421961551
5_13,data/raw/5_13.png,resnet18,80.40523529052734,79.19016361236572,3.447317547657991
5_16,data/raw/5_16.png,resnet18,86.97882890701294,86.17619276046753,1.7095501959191397
5_19,data/raw/5_19.png,resnet18,80.2991509437561,82.36931443214417,4.434497480277631
5_21,data/raw/5_21.png,resnet18,92.93527603149414,92.28487133979797,0.6305796400296779
5_25,data/raw/5_25.png,resnet18,79.64803576469421,79.8845112323761,0.6375675205381706
5_3,data/raw/5_3.png,resnet18,85.73218584060669,84.6970808506012,2.6847464370580494
5_8,data/raw/5_8.png,resnet18,86.76854372024536,88.64047408103943,3.4275091666826736
6_2,data/raw/6_2.png,resnet18,100.0,100.0,0.0
7_1,data/raw/7_1.png,resnet18,79.78272438049316,81.82922005653381,3.0438236185714946
7_14,data/raw/7_14.png,resnet18,74.68371987342834,73.55668783187866,1.1527725412283656
7_18,data/raw/7_18.png,resnet18,72.9482889175415,74.05550599098206,1.4795430917115031
7_27,data/raw/7_27.png,resnet18,74.26363229751587,73.74002695083618,0.7109856831408977
7_3,data/raw/7_3.png,resnet18,71.30852341651917,71.55775904655457,1.8578110708599533
7_6,data/raw/7_6.png,resnet18,74.7702956199646,73.02879452705383,3.5176512407230747
7_8,data/raw/7_8.png,resnet18,87.03500628471375,87.90977716445923,2.5336710264552007
8_11,data/raw/8_11.png,resnet18,72.9391098022461,72.86619663238525,0.3921584165564828
8_25,data/raw/8_25.png,resnet18,78.08834314346313,73.54101896286011,8.92615368184062
8_3,data/raw/8_3.png,resnet18,66.99990034103394,68.54757308959961,3.1041317100815835
p00_s00,data/raw/p00_s00.png,resnet18,73.63874912261963,74.0246033668518,1.0159526010973279
p00_s08,data/raw/p00_s08.png,resnet18,86.99649572372437,87.82402753829956,1.107133677474011
p00_s15,data/raw/p00_s15.png,resnet18,77.23528742790222,77.73670315742493,0.6824036611687248
p00_s20,data/raw/p00_s20.png,resnet18,95.68288922309875,95.43174505233765,0.9968416915214242
p00_s26,data/raw/p00_s26.png,resnet18,75.64660906791687,74.40528392791748,2.617549605913783
p01_s02,data/raw/p01_s02.png,resnet18,81.88795447349548,81.8503749370575,0.8485739671053745
p01_s16,data/raw/p01_s16.png,resnet18,72.81370759010315,72.95980334281921,0.29470693914740714
p01_s25,data/raw/p01_s25.png,resnet18,81.1066746711731,82.47235536575317,1.8271027386631578
p01_s28,data/raw/p01_s28.png,resnet18,90.03083109855652,91.60832285881042,4.230645924745939
p02_s04,data/raw/p02_s04.png,resnet18,92.33099818229675,93.10810923576355,2.3685585064357655
p02_s14,data/raw/p02_s14.png,resnet18,85.99088788032532,86.37799739837646,0.5374838242852187
p02_s17,data/raw/p02_s17.png,resnet18,87.36803531646729,86.91133260726929,1.8413231991871535
p02_s25,data/raw/p02_s25.png,resnet18,70.89459300041199,73.69397163391113,5.712465427705023
p02_s26,data/raw/p02_s26.png,resnet18,79.13936376571655,79.00428652763367,1.27580599572611
p03_s00,data/raw/p03_s00.png,resnet18,97.43969440460205,97.65949249267578,0.870715530062226
p03_s05,data/raw/p03_s05.png,resnet18,83.9382529258728,85.73091268539429,3.9286695719775167
p03_s13,data/raw/p03_s13.png,resnet18,84.47147607803345,86.0933768749237,3.519731516019571
p03_s19,data/raw/p03_s19.png,resnet18,95.96951007843018,95.4691219329834,0.9819120372227248
p03_s25,data/raw/p03_s25.png,resnet18,96.55441045761108,97.35817909240723,1.4309210671907238
p03_s29,data/raw/p03_s29.png,resnet18,78.00309658050537,80.70778250694275,4.888803221015488
p04_s05,data/raw/p04_s05.png,resnet18,77.22671031951904,81.53326272964478,6.96416192850318
p04_s09,data/raw/p04_s09.png,resnet18,69.70043182373047,72.19008922576904,4.223288192617317
p04_s10,data/raw/p04_s10.png,resnet18,100.0,98.50762009620667,2.9256902237813813
p04_s16,data/raw/p04_s16.png,resnet18,88.17732334136963,88.03982973098755,1.4424874761930773
p04_s23,data/raw/p04_s23.png,resnet18,74.66940879821777,78.56265425682068,8.1404384474426
p04_s27,data/raw/p04_s27.png,resnet18,82.89566040039062,83.8437569141388,2.7732959750424526
p05_s01,data/raw/p05_s01.png,resnet18,92.28070974349976,91.26733303070068,2.3162715705811405
p05_s07,data/raw/p05_s07.png,resnet18,74.26490187644958,75.98519921302795,3.7664813676199462
p05_s13,data/raw/p05_s13.png,resnet18,91.96332693099976,93.07060718536377,2.7477462237507626
p05_s19,data/raw/p05_s19.png,resnet18,94.83569264411926,94.86750602722168,1.3366549564293713
p05_s26,data/raw/p05_s26.png,resnet18,88.9293909072876,89.65613603591919,1.795039479163154
p05_s29,data/raw/p05_s29.png,resnet18,68.67053508758545,69.14433479309082,0.8731264505052542
p06_s06,data/raw/p06_s06.png,resnet18,87.41008043289185,88.45210552215576,1.7276184340386007
p06_s13,data/raw/p06_s13.png,resnet18,88.54153156280518,88.71596574783325,1.0362398876158745
p06_s21,data/raw/p06_s21.png,resnet18,84.20476913452148,86.18605017662048,3.61644580228012
p06_s25,data/raw/p06_s25.png,resnet18,74.82891082763672,75.49580693244934,2.210133084503735
p06_s29,data/raw/p06_s29.png,resnet18,86.79102063179016,84.92420792579651,3.0916034787828077
p07_s02,data/raw/p07_s02.png,resnet18,85.22467613220215,85.93293190002441,1.3377424558224245
p07_s06,data/raw/p07_s06.png,resnet18,86.74361109733582,85.27220845222473,2.2715239966046434
p07_s11,data/raw/p07_s11.png,resnet18,77.64676809310913,80.69104194641113,6.021322694752557
p07_s16,data/raw/p07_s16.png,resnet18,93.76915693283081,92.44616627693176,2.5501578052174563
p07_s19,data/raw/p07_s19.png,resnet18,91.02181196212769,89.36654090881348,3.392086729202711
p07_s26,data/raw/p07_s26.png,resnet18,100.0,100.0,0.0
p08_s04,data/raw/p08_s04.png,resnet18,88.41174840927124,88.2968819141388,1.8141547051904547
p08_s08,data/raw/p08_s08.png,resnet18,86.21348142623901,85.1893150806427,1.4495924204572466
p08_s12,data/raw/p08_s12.png,resnet18,82.49672651290894,85.54386734962463,6.0705627606959425
p08_s16,data/raw/p08_s16.png,resnet18,91.09690189361572,91.20232939720154,0.7125834314706357
p08_s19,data/raw/p08_s19.png,resnet18,78.12621593475342,82.33311176300049,8.450168935645706
p08_s26,data/raw/p08_s26.png,resnet18,81.8903923034668,83.33839178085327,2.7947708980888537
p08_s29,data/raw/p08_s29.png,resnet18,88.35219144821167,89.43891882896423,1.8706841101951976
p09_s00,data/raw/p09_s00.png,resnet18,93.69423985481262,91.98557138442993,3.6280842442801213
p09_s04,data/raw/p09_s04.png,resnet18,76.64355039596558,74.23698902130127,4.723257516971428
p09_s08,data/raw/p09_s08.png,resnet18,86.4858865737915,87.68066763877869,2.521606461712695
p09_s10,data/raw/p09_s10.png,resnet18,77.26820111274719,77.0250391960144,1.2708425630508322
p09_s21,data/raw/p09_s21.png,resnet18,67.9318904876709,69.72692012786865,4.411737458990603
p6_seed21,data/raw/p6_seed21.jpg,resnet18,84.35786962509155,84.22699451446533,1.0350168249706988
p6_seed25,data/raw/p6_seed25.jpg,resnet18,69.95049715042114,69.99235510826111,0.36145167445448084
p6_seed28,data/raw/p6_seed28.jpg,resnet18,83.16726088523865,82.2900140285492,0.8671793643726421
p7_seed0,data/raw/p7_seed0.jpg,resnet18,84.72005128860474,84.79175209999084,0.6083321939275667
p7_seed11,data/raw/p7_seed11.jpg,resnet18,85.46945452690125,86.32453441619873,2.355522100523297
p7_seed17,data/raw/p7_seed17.jpg,resnet18,66.90500974655151,68.11071753501892,2.0871696432837537
p7_seed20,data/raw/p7_seed20.jpg,resnet18,96.10943794250488,95.0706672668457,2.411720435330056
p7_seed24,data/raw/p7_seed24.jpg,resnet18,79.41348552703857,79.70712542533875,0.7765363236323928
p7_seed28,data/raw/p7_seed28.jpg,resnet18,100.0,100.0,0.0
p7_seed3,data/raw/p7_seed3.jpg,resnet18,81.50557279586792,83.9068078994751,3.8868123035813182
p7_seed7,data/raw/p7_seed7.jpg,resnet18,80.58501482009888,78.68653655052185,3.5016983256264136
p8_seed13,data/raw/p8_seed13.jpg,resnet18,79.02860045433044,83.09937834739685,8.457327329714147
p8_seed16,data/raw/p8_seed16.jpg,resnet18,83.59380960464478,83.33311915397644,0.4631991993625587
p8_seed18,data/raw/p8_seed18.jpg,resnet18,72.02309966087341,73.44302892684937,2.6242063166283285
p8_seed24,data/raw/p8_seed24.jpg,resnet18,86.74851655960083,84.66291546821594,3.7841301626041486
p8_seed3,data/raw/p8_seed3.jpg,resnet18,72.53727912902832,72.4254059791565,1.0156272550056562
p8_seed7,data/raw/p8_seed7.jpg,resnet18,88.06322813034058,87.70038723945618,0.8852805247404475
p9_seed0,data/raw/p9_seed0.jpg,resnet18,90.7371997833252,89.30946230888367,3.2783319701795217
p9_seed10,data/raw/p9_seed10.jpg,resnet18,84.2195987701416,83.03914070129395,1.5941433773296447
p9_seed20,data/raw/p9_seed20.jpg,resnet18,99.3797779083252,95.28659105300903,7.930327761350976
p9_seed27,data/raw/p9_seed27.jpg,resnet18,78.17440629005432,78.23437809944153,0.4363935602345473
p9_seed28,data/raw/p9_seed28.jpg,resnet18,90.38580656051636,89.90914106369019,1.5588197413433238
p9_seed3,data/raw/p9_seed3.jpg,resnet18,96.8187689781189,96.51841998100281,0.9087276018587754
